Timestamp,TotalIn,TotalOut,RateIn,RateOut
2023-03-21 20:56:14,3.8 GB,6.1 GB,1.3 MB/s,120 kB/s
2023-03-21 20:56:15,3.8 GB,6.1 GB,1.7 MB/s,155 kB/s
2023-03-21 20:56:16,3.8 GB,6.1 GB,751 kB/s,58 kB/s
2023-03-21 20:56:18,3.8 GB,6.1 GB,1.3 MB/s,110 kB/s
2023-03-21 20:56:19,3.8 GB,6.1 GB,1.1 MB/s,126 kB/s
2023-03-21 20:56:20,3.8 GB,6.1 GB,2.2 MB/s,203 kB/s
2023-03-21 20:56:21,3.8 GB,6.1 GB,1.5 MB/s,144 kB/s
2023-03-21 20:56:22,3.8 GB,6.1 GB,2.2 MB/s,199 kB/s
2023-03-21 20:56:23,3.8 GB,6.1 GB,2.4 MB/s,211 kB/s
2023-03-21 20:56:24,3.8 GB,6.1 GB,2.1 MB/s,177 kB/s
2023-03-21 20:56:26,3.9 GB,6.1 GB,1.7 MB/s,123 kB/s
2023-03-21 20:56:27,3.9 GB,6.1 GB,1.5 MB/s,124 kB/s
2023-03-21 20:56:28,3.9 GB,6.1 GB,1.7 MB/s,160 kB/s
2023-03-21 20:56:29,3.9 GB,6.1 GB,1.2 MB/s,121 kB/s
2023-03-21 20:56:31,3.9 GB,6.1 GB,2.0 MB/s,159 kB/s
2023-03-21 20:56:32,3.9 GB,6.1 GB,2.0 MB/s,177 kB/s
2023-03-21 20:56:33,3.9 GB,6.1 GB,1.8 MB/s,161 kB/s
2023-03-21 20:56:34,3.9 GB,6.1 GB,2.1 MB/s,176 kB/s
2023-03-21 20:56:35,3.9 GB,6.1 GB,1.4 MB/s,121 kB/s
2023-03-21 20:56:37,3.9 GB,6.1 GB,2.1 MB/s,175 kB/s
2023-03-21 20:56:38,3.9 GB,6.1 GB,1.4 MB/s,120 kB/s
2023-03-21 20:56:39,3.9 GB,6.1 GB,1.1 MB/s,81 kB/s
2023-03-21 20:56:40,3.9 GB,6.1 GB,1.9 MB/s,160 kB/s
2023-03-21 20:56:41,3.9 GB,6.1 GB,1.7 MB/s,146 kB/s
2023-03-21 20:56:43,3.9 GB,6.1 GB,1.9 MB/s,166 kB/s
2023-03-21 20:56:44,3.9 GB,6.1 GB,1.6 MB/s,150 kB/s
2023-03-21 20:56:45,3.9 GB,6.1 GB,2.0 MB/s,192 kB/s
2023-03-21 20:56:46,3.9 GB,6.1 GB,1.5 MB/s,141 kB/s
2023-03-21 20:56:47,3.9 GB,6.1 GB,856 kB/s,88 kB/s
2023-03-21 20:56:49,3.9 GB,6.1 GB,1.1 MB/s,87 kB/s
2023-03-21 20:56:50,3.9 GB,6.1 GB,1.5 MB/s,128 kB/s
2023-03-21 20:56:51,3.9 GB,6.1 GB,1.3 MB/s,104 kB/s
2023-03-21 20:56:52,3.9 GB,6.1 GB,2.1 MB/s,173 kB/s
2023-03-21 20:56:53,3.9 GB,6.1 GB,1.4 MB/s,134 kB/s
2023-03-21 20:56:55,3.9 GB,6.2 GB,2.0 MB/s,156 kB/s
2023-03-21 20:56:56,3.9 GB,6.2 GB,1.3 MB/s,109 kB/s
2023-03-21 20:56:57,3.9 GB,6.2 GB,741 kB/s,64 kB/s
2023-03-21 20:56:58,3.9 GB,6.2 GB,787 kB/s,64 kB/s
2023-03-21 20:57:00,3.9 GB,6.2 GB,2.0 MB/s,150 kB/s
2023-03-21 20:57:01,3.9 GB,6.2 GB,2.0 MB/s,151 kB/s
2023-03-21 20:57:02,3.9 GB,6.2 GB,2.0 MB/s,143 kB/s
2023-03-21 20:57:03,3.9 GB,6.2 GB,2.0 MB/s,160 kB/s
2023-03-21 20:57:04,3.9 GB,6.2 GB,1.7 MB/s,138 kB/s
2023-03-21 20:57:05,3.9 GB,6.2 GB,1.1 MB/s,80 kB/s
2023-03-21 20:57:07,3.9 GB,6.2 GB,558 kB/s,43 kB/s
2023-03-21 20:57:08,3.9 GB,6.2 GB,983 kB/s,62 kB/s
2023-03-21 20:57:09,3.9 GB,6.2 GB,1.5 MB/s,103 kB/s
2023-03-21 20:57:10,3.9 GB,6.2 GB,2.3 MB/s,202 kB/s
2023-03-21 20:57:11,3.9 GB,6.2 GB,2.2 MB/s,161 kB/s
2023-03-21 20:57:13,3.9 GB,6.2 GB,2.4 MB/s,210 kB/s
2023-03-21 20:57:14,3.9 GB,6.2 GB,2.5 MB/s,188 kB/s
2023-03-21 20:57:15,3.9 GB,6.2 GB,2.0 MB/s,137 kB/s
2023-03-21 20:57:16,3.9 GB,6.2 GB,2.0 MB/s,155 kB/s
2023-03-21 20:57:18,3.9 GB,6.2 GB,1.4 MB/s,117 kB/s
2023-03-21 20:57:19,3.9 GB,6.2 GB,1.4 MB/s,118 kB/s
2023-03-21 20:57:21,3.9 GB,6.2 GB,1.4 MB/s,142 kB/s
2023-03-21 20:57:22,3.9 GB,6.2 GB,1.7 MB/s,152 kB/s
2023-03-21 20:57:23,3.9 GB,6.2 GB,2.3 MB/s,191 kB/s
2023-03-21 20:57:24,3.9 GB,6.2 GB,1.3 MB/s,107 kB/s
2023-03-21 20:57:25,3.9 GB,6.2 GB,1.5 MB/s,119 kB/s
2023-03-21 20:57:27,3.9 GB,6.2 GB,1.0 MB/s,110 kB/s
2023-03-21 20:57:28,3.9 GB,6.2 GB,571 kB/s,62 kB/s
2023-03-21 20:57:29,3.9 GB,6.2 GB,1.3 MB/s,108 kB/s
2023-03-21 20:57:30,4.0 GB,6.2 GB,1.1 MB/s,84 kB/s
2023-03-21 20:57:31,4.0 GB,6.2 GB,2.0 MB/s,173 kB/s
2023-03-21 20:57:33,4.0 GB,6.2 GB,1.9 MB/s,164 kB/s
2023-03-21 20:57:34,4.0 GB,6.2 GB,1.2 MB/s,120 kB/s
2023-03-21 20:57:35,4.0 GB,6.2 GB,1.8 MB/s,160 kB/s
2023-03-21 20:57:36,4.0 GB,6.2 GB,1.7 MB/s,149 kB/s
2023-03-21 20:57:38,4.0 GB,6.2 GB,775 kB/s,69 kB/s
2023-03-21 20:57:39,4.0 GB,6.2 GB,1.1 MB/s,91 kB/s
2023-03-21 20:57:40,4.0 GB,6.2 GB,974 kB/s,83 kB/s
2023-03-21 20:57:41,4.0 GB,6.2 GB,1.3 MB/s,101 kB/s
2023-03-21 20:57:43,4.0 GB,6.2 GB,1.9 MB/s,171 kB/s
2023-03-21 20:57:44,4.0 GB,6.2 GB,2.5 MB/s,219 kB/s
2023-03-21 20:57:45,4.0 GB,6.2 GB,2.3 MB/s,184 kB/s
2023-03-21 20:57:46,4.0 GB,6.2 GB,2.5 MB/s,209 kB/s
2023-03-21 20:57:47,4.0 GB,6.2 GB,2.0 MB/s,156 kB/s
2023-03-21 20:57:48,4.0 GB,6.2 GB,2.0 MB/s,156 kB/s
2023-03-21 20:57:50,4.0 GB,6.2 GB,2.2 MB/s,165 kB/s
2023-03-21 20:57:51,4.0 GB,6.2 GB,1.6 MB/s,134 kB/s
2023-03-21 20:57:52,4.0 GB,6.2 GB,1.6 MB/s,123 kB/s
2023-03-21 20:57:53,4.0 GB,6.2 GB,2.0 MB/s,158 kB/s
2023-03-21 20:57:55,4.0 GB,6.2 GB,1.9 MB/s,144 kB/s
2023-03-21 20:57:56,4.0 GB,6.2 GB,2.1 MB/s,160 kB/s
2023-03-21 20:57:57,4.0 GB,6.2 GB,1.9 MB/s,183 kB/s
2023-03-21 20:57:58,4.0 GB,6.2 GB,1.3 MB/s,90 kB/s
2023-03-21 20:58:00,4.0 GB,6.2 GB,1.3 MB/s,150 kB/s
2023-03-21 20:58:01,4.0 GB,6.2 GB,2.3 MB/s,172 kB/s
2023-03-21 20:58:02,4.0 GB,6.2 GB,1.9 MB/s,139 kB/s
2023-03-21 20:58:03,4.0 GB,6.2 GB,2.4 MB/s,187 kB/s
2023-03-21 20:58:04,4.0 GB,6.2 GB,1.7 MB/s,103 kB/s
2023-03-21 20:58:06,4.0 GB,6.2 GB,2.1 MB/s,157 kB/s
2023-03-21 20:58:07,4.0 GB,6.2 GB,2.6 MB/s,176 kB/s
2023-03-21 20:58:08,4.0 GB,6.2 GB,2.0 MB/s,132 kB/s
2023-03-21 20:58:09,4.0 GB,6.2 GB,1.4 MB/s,108 kB/s
2023-03-21 20:58:10,4.0 GB,6.2 GB,2.0 MB/s,150 kB/s
2023-03-21 20:58:12,4.0 GB,6.2 GB,2.0 MB/s,150 kB/s
2023-03-21 20:58:13,4.0 GB,6.2 GB,1.8 MB/s,184 kB/s
2023-03-21 20:58:14,4.0 GB,6.2 GB,2.1 MB/s,164 kB/s
2023-03-21 20:58:16,4.0 GB,6.2 GB,2.0 MB/s,161 kB/s
2023-03-21 20:58:17,4.0 GB,6.2 GB,1.8 MB/s,143 kB/s
2023-03-21 20:58:18,4.0 GB,6.2 GB,1.8 MB/s,139 kB/s
2023-03-21 20:58:19,4.0 GB,6.2 GB,1.9 MB/s,154 kB/s
2023-03-21 20:58:21,4.0 GB,6.2 GB,1.3 MB/s,116 kB/s
2023-03-21 20:58:22,4.0 GB,6.2 GB,2.1 MB/s,160 kB/s
2023-03-21 20:58:23,4.0 GB,6.2 GB,2.4 MB/s,194 kB/s
2023-03-21 20:58:24,4.0 GB,6.2 GB,2.1 MB/s,159 kB/s
2023-03-21 20:58:25,4.0 GB,6.2 GB,1.9 MB/s,130 kB/s
2023-03-21 20:58:26,4.1 GB,6.2 GB,1.9 MB/s,140 kB/s
2023-03-21 20:58:28,4.1 GB,6.2 GB,1.5 MB/s,119 kB/s
2023-03-21 20:58:29,4.1 GB,6.2 GB,2.0 MB/s,143 kB/s
2023-03-21 20:58:30,4.1 GB,6.2 GB,1.9 MB/s,162 kB/s
2023-03-21 20:58:31,4.1 GB,6.2 GB,2.0 MB/s,154 kB/s
2023-03-21 20:58:32,4.1 GB,6.2 GB,2.3 MB/s,174 kB/s
2023-03-21 20:58:33,4.1 GB,6.2 GB,2.1 MB/s,153 kB/s
2023-03-21 20:58:35,4.1 GB,6.2 GB,2.3 MB/s,180 kB/s
2023-03-21 20:58:36,4.1 GB,6.2 GB,1.9 MB/s,136 kB/s
2023-03-21 20:58:37,4.1 GB,6.2 GB,1.4 MB/s,98 kB/s
2023-03-21 20:58:38,4.1 GB,6.2 GB,2.2 MB/s,166 kB/s
2023-03-21 20:58:39,4.1 GB,6.2 GB,1.8 MB/s,146 kB/s
2023-03-21 20:58:41,4.1 GB,6.2 GB,2.3 MB/s,163 kB/s
2023-03-21 20:58:42,4.1 GB,6.2 GB,2.4 MB/s,184 kB/s
2023-03-21 20:58:43,4.1 GB,6.2 GB,2.3 MB/s,186 kB/s
2023-03-21 20:58:44,4.1 GB,6.2 GB,2.3 MB/s,177 kB/s
2023-03-21 20:58:45,4.1 GB,6.2 GB,2.1 MB/s,171 kB/s
2023-03-21 20:58:46,4.1 GB,6.2 GB,2.0 MB/s,161 kB/s
2023-03-21 20:58:47,4.1 GB,6.2 GB,2.1 MB/s,168 kB/s
2023-03-21 20:58:49,4.1 GB,6.2 GB,1.8 MB/s,141 kB/s
2023-03-21 20:58:50,4.1 GB,6.2 GB,2.1 MB/s,156 kB/s
2023-03-21 20:58:51,4.1 GB,6.2 GB,2.0 MB/s,141 kB/s
2023-03-21 20:58:53,4.1 GB,6.2 GB,2.0 MB/s,145 kB/s
2023-03-21 20:58:54,4.1 GB,6.2 GB,2.2 MB/s,176 kB/s
2023-03-21 20:58:55,4.1 GB,6.2 GB,2.0 MB/s,163 kB/s
2023-03-21 20:58:56,4.1 GB,6.2 GB,1.8 MB/s,136 kB/s
2023-03-21 20:58:57,4.1 GB,6.2 GB,2.2 MB/s,167 kB/s
2023-03-21 20:58:58,4.1 GB,6.2 GB,1.9 MB/s,138 kB/s
2023-03-21 20:59:00,4.1 GB,6.2 GB,1.8 MB/s,135 kB/s
2023-03-21 20:59:01,4.1 GB,6.2 GB,1.9 MB/s,130 kB/s
2023-03-21 20:59:02,4.1 GB,6.2 GB,2.2 MB/s,164 kB/s
2023-03-21 20:59:03,4.1 GB,6.2 GB,1.9 MB/s,145 kB/s
2023-03-21 20:59:04,4.1 GB,6.2 GB,1.9 MB/s,143 kB/s
2023-03-21 20:59:05,4.1 GB,6.2 GB,1.8 MB/s,145 kB/s
2023-03-21 20:59:06,4.1 GB,6.2 GB,1.6 MB/s,138 kB/s
2023-03-21 20:59:07,4.1 GB,6.2 GB,1.9 MB/s,165 kB/s
2023-03-21 20:59:09,4.1 GB,6.2 GB,2.3 MB/s,172 kB/s
2023-03-21 20:59:10,4.1 GB,6.2 GB,2.0 MB/s,147 kB/s
2023-03-21 20:59:11,4.1 GB,6.2 GB,2.1 MB/s,160 kB/s
2023-03-21 20:59:12,4.1 GB,6.2 GB,2.2 MB/s,174 kB/s
2023-03-21 20:59:13,4.1 GB,6.2 GB,2.2 MB/s,173 kB/s
2023-03-21 20:59:14,4.1 GB,6.2 GB,1.9 MB/s,150 kB/s
2023-03-21 20:59:15,4.2 GB,6.2 GB,2.1 MB/s,158 kB/s
2023-03-21 20:59:17,4.2 GB,6.2 GB,1.4 MB/s,125 kB/s
2023-03-21 20:59:18,4.2 GB,6.2 GB,1.9 MB/s,151 kB/s
2023-03-21 20:59:19,4.2 GB,6.2 GB,1.8 MB/s,141 kB/s
2023-03-21 20:59:20,4.2 GB,6.2 GB,1.1 MB/s,70 kB/s
2023-03-21 20:59:22,4.2 GB,6.2 GB,1.7 MB/s,187 kB/s
2023-03-21 20:59:23,4.2 GB,6.2 GB,2.0 MB/s,179 kB/s
2023-03-21 20:59:24,4.2 GB,6.2 GB,1.6 MB/s,151 kB/s
2023-03-21 20:59:25,4.2 GB,6.2 GB,1.8 MB/s,158 kB/s
2023-03-21 20:59:26,4.2 GB,6.2 GB,1.8 MB/s,143 kB/s
2023-03-21 20:59:27,4.2 GB,6.2 GB,1.4 MB/s,109 kB/s
2023-03-21 20:59:28,4.2 GB,6.2 GB,1.7 MB/s,143 kB/s
2023-03-21 20:59:29,4.2 GB,6.2 GB,1.5 MB/s,140 kB/s
2023-03-21 20:59:30,4.2 GB,6.2 GB,1.3 MB/s,118 kB/s
2023-03-21 20:59:32,4.2 GB,6.2 GB,1.5 MB/s,109 kB/s
2023-03-21 20:59:33,4.2 GB,6.2 GB,1.7 MB/s,138 kB/s
2023-03-21 20:59:34,4.2 GB,6.2 GB,1.5 MB/s,133 kB/s
2023-03-21 20:59:35,4.2 GB,6.2 GB,2.0 MB/s,163 kB/s
2023-03-21 20:59:36,4.2 GB,6.2 GB,2.1 MB/s,180 kB/s
2023-03-21 20:59:37,4.2 GB,6.2 GB,1.5 MB/s,131 kB/s
2023-03-21 20:59:38,4.2 GB,6.2 GB,2.2 MB/s,170 kB/s
2023-03-21 20:59:39,4.2 GB,6.2 GB,1.7 MB/s,147 kB/s
2023-03-21 20:59:41,4.2 GB,6.2 GB,790 kB/s,70 kB/s
2023-03-21 20:59:42,4.2 GB,6.2 GB,511 kB/s,45 kB/s
2023-03-21 20:59:43,4.2 GB,6.2 GB,1.5 MB/s,107 kB/s
2023-03-21 20:59:44,4.2 GB,6.2 GB,2.0 MB/s,166 kB/s
2023-03-21 20:59:45,4.2 GB,6.2 GB,945 kB/s,82 kB/s
2023-03-21 20:59:46,4.2 GB,6.2 GB,1.8 MB/s,144 kB/s
2023-03-21 20:59:47,4.2 GB,6.2 GB,1.8 MB/s,156 kB/s
2023-03-21 20:59:49,4.2 GB,6.2 GB,2.2 MB/s,189 kB/s
2023-03-21 20:59:50,4.2 GB,6.2 GB,2.2 MB/s,177 kB/s
2023-03-21 20:59:51,4.2 GB,6.2 GB,2.2 MB/s,165 kB/s
2023-03-21 20:59:52,4.2 GB,6.2 GB,2.2 MB/s,171 kB/s
2023-03-21 20:59:53,4.2 GB,6.2 GB,1.4 MB/s,124 kB/s
2023-03-21 20:59:55,4.2 GB,6.2 GB,1.9 MB/s,159 kB/s
2023-03-21 20:59:56,4.2 GB,6.2 GB,1.7 MB/s,134 kB/s
2023-03-21 20:59:57,4.2 GB,6.2 GB,741 kB/s,69 kB/s
2023-03-21 20:59:58,4.2 GB,6.2 GB,750 kB/s,48 kB/s
2023-03-21 20:59:59,4.2 GB,6.2 GB,1.2 MB/s,104 kB/s
2023-03-21 21:00:00,4.2 GB,6.2 GB,2.0 MB/s,168 kB/s
2023-03-21 21:00:01,4.2 GB,6.2 GB,1.5 MB/s,124 kB/s
2023-03-21 21:00:02,4.2 GB,6.2 GB,1.3 MB/s,117 kB/s
2023-03-21 21:00:04,4.2 GB,6.2 GB,1.5 MB/s,125 kB/s
2023-03-21 21:00:05,4.2 GB,6.2 GB,1.7 MB/s,134 kB/s
2023-03-21 21:00:06,4.2 GB,6.2 GB,1.5 MB/s,130 kB/s
2023-03-21 21:00:07,4.2 GB,6.2 GB,1.4 MB/s,120 kB/s
2023-03-21 21:00:08,4.2 GB,6.2 GB,1.4 MB/s,109 kB/s
2023-03-21 21:00:09,4.2 GB,6.2 GB,1.7 MB/s,135 kB/s
2023-03-21 21:00:10,4.2 GB,6.2 GB,1.8 MB/s,145 kB/s
2023-03-21 21:00:11,4.2 GB,6.2 GB,2.1 MB/s,163 kB/s
2023-03-21 21:00:13,4.2 GB,6.2 GB,1.7 MB/s,134 kB/s
2023-03-21 21:00:14,4.2 GB,6.2 GB,1.9 MB/s,160 kB/s
2023-03-21 21:00:15,4.2 GB,6.2 GB,1.9 MB/s,155 kB/s
2023-03-21 21:00:16,4.3 GB,6.2 GB,1.8 MB/s,156 kB/s
2023-03-21 21:00:18,4.3 GB,6.2 GB,453 kB/s,48 kB/s
2023-03-21 21:00:19,4.3 GB,6.2 GB,1.1 MB/s,100 kB/s
2023-03-21 21:00:20,4.3 GB,6.2 GB,1.9 MB/s,152 kB/s
2023-03-21 21:00:21,4.3 GB,6.2 GB,1.8 MB/s,156 kB/s
2023-03-21 21:00:22,4.3 GB,6.2 GB,1.9 MB/s,155 kB/s
2023-03-21 21:00:23,4.3 GB,6.2 GB,1.8 MB/s,142 kB/s
2023-03-21 21:00:24,4.3 GB,6.2 GB,1.6 MB/s,129 kB/s
2023-03-21 21:00:25,4.3 GB,6.2 GB,1.6 MB/s,105 kB/s
2023-03-21 21:00:27,4.3 GB,6.2 GB,1.7 MB/s,144 kB/s
2023-03-21 21:00:28,4.3 GB,6.2 GB,1.8 MB/s,158 kB/s
2023-03-21 21:00:29,4.3 GB,6.2 GB,1.7 MB/s,140 kB/s
2023-03-21 21:00:30,4.3 GB,6.2 GB,1.6 MB/s,131 kB/s
2023-03-21 21:00:31,4.3 GB,6.2 GB,1.7 MB/s,137 kB/s
2023-03-21 21:00:32,4.3 GB,6.2 GB,1.6 MB/s,124 kB/s
2023-03-21 21:00:33,4.3 GB,6.2 GB,1.6 MB/s,126 kB/s
2023-03-21 21:00:34,4.3 GB,6.2 GB,1.6 MB/s,112 kB/s
2023-03-21 21:00:35,4.3 GB,6.2 GB,1.6 MB/s,135 kB/s
2023-03-21 21:00:37,4.3 GB,6.2 GB,1.5 MB/s,128 kB/s
2023-03-21 21:00:38,4.3 GB,6.2 GB,1.4 MB/s,106 kB/s
2023-03-21 21:00:39,4.3 GB,6.2 GB,2.0 MB/s,153 kB/s
2023-03-21 21:00:40,4.3 GB,6.2 GB,1.8 MB/s,161 kB/s
2023-03-21 21:00:41,4.3 GB,6.2 GB,1.8 MB/s,149 kB/s
2023-03-21 21:00:42,4.3 GB,6.2 GB,1.2 MB/s,96 kB/s
2023-03-21 21:00:43,4.3 GB,6.2 GB,939 kB/s,82 kB/s
2023-03-21 21:00:45,4.3 GB,6.2 GB,705 kB/s,54 kB/s
2023-03-21 21:00:46,4.3 GB,6.2 GB,1.3 MB/s,101 kB/s
2023-03-21 21:00:47,4.3 GB,6.2 GB,1.9 MB/s,152 kB/s
2023-03-21 21:00:48,4.3 GB,6.2 GB,945 kB/s,92 kB/s
2023-03-21 21:00:49,4.3 GB,6.2 GB,1.7 MB/s,138 kB/s
2023-03-21 21:00:50,4.3 GB,6.2 GB,1.8 MB/s,165 kB/s
2023-03-21 21:00:51,4.3 GB,6.2 GB,1.9 MB/s,160 kB/s
2023-03-21 21:00:53,4.3 GB,6.2 GB,1.5 MB/s,138 kB/s
2023-03-21 21:00:54,4.3 GB,6.2 GB,1.9 MB/s,163 kB/s
2023-03-21 21:00:55,4.3 GB,6.2 GB,2.2 MB/s,166 kB/s
2023-03-21 21:00:56,4.3 GB,6.2 GB,1.9 MB/s,144 kB/s
2023-03-21 21:00:57,4.3 GB,6.2 GB,2.1 MB/s,147 kB/s
2023-03-21 21:00:58,4.3 GB,6.2 GB,1.5 MB/s,120 kB/s
2023-03-21 21:00:59,4.3 GB,6.2 GB,1.7 MB/s,139 kB/s
2023-03-21 21:01:01,4.3 GB,6.2 GB,1.6 MB/s,133 kB/s
2023-03-21 21:01:02,4.3 GB,6.2 GB,1.5 MB/s,131 kB/s
2023-03-21 21:01:03,4.3 GB,6.2 GB,1.5 MB/s,130 kB/s
2023-03-21 21:01:04,4.3 GB,6.2 GB,1.4 MB/s,121 kB/s
2023-03-21 21:01:05,4.3 GB,6.2 GB,1.4 MB/s,117 kB/s
2023-03-21 21:01:06,4.3 GB,6.2 GB,1.2 MB/s,106 kB/s
2023-03-21 21:01:07,4.3 GB,6.2 GB,1.3 MB/s,103 kB/s
2023-03-21 21:01:08,4.3 GB,6.2 GB,1.6 MB/s,117 kB/s
2023-03-21 21:01:09,4.3 GB,6.2 GB,1.6 MB/s,136 kB/s
2023-03-21 21:01:10,4.3 GB,6.2 GB,1.4 MB/s,127 kB/s
2023-03-21 21:01:11,4.3 GB,6.2 GB,1.5 MB/s,129 kB/s
2023-03-21 21:01:12,4.3 GB,6.2 GB,1.6 MB/s,122 kB/s
2023-03-21 21:01:13,4.3 GB,6.2 GB,1.7 MB/s,140 kB/s
2023-03-21 21:01:14,4.3 GB,6.2 GB,1.5 MB/s,129 kB/s
2023-03-21 21:01:16,4.3 GB,6.2 GB,1.3 MB/s,138 kB/s
2023-03-21 21:01:17,4.3 GB,6.2 GB,1.2 MB/s,128 kB/s
2023-03-21 21:01:18,4.3 GB,6.2 GB,1.4 MB/s,129 kB/s
2023-03-21 21:01:19,4.3 GB,6.2 GB,1.4 MB/s,131 kB/s
2023-03-21 21:01:20,4.3 GB,6.2 GB,1.3 MB/s,110 kB/s
2023-03-21 21:01:21,4.4 GB,6.2 GB,1.8 MB/s,147 kB/s
2023-03-21 21:01:23,4.4 GB,6.2 GB,1.5 MB/s,144 kB/s
2023-03-21 21:01:24,4.4 GB,6.2 GB,1.9 MB/s,165 kB/s
2023-03-21 21:01:25,4.4 GB,6.2 GB,2.0 MB/s,168 kB/s
2023-03-21 21:01:26,4.4 GB,6.2 GB,1.7 MB/s,161 kB/s
2023-03-21 21:01:27,4.4 GB,6.2 GB,1.7 MB/s,169 kB/s
2023-03-21 21:01:28,4.4 GB,6.2 GB,1.8 MB/s,156 kB/s
2023-03-21 21:01:29,4.4 GB,6.2 GB,1.6 MB/s,150 kB/s
2023-03-21 21:01:30,4.4 GB,6.2 GB,1.4 MB/s,138 kB/s
2023-03-21 21:01:31,4.4 GB,6.2 GB,1.6 MB/s,144 kB/s
2023-03-21 21:01:32,4.4 GB,6.2 GB,1.4 MB/s,142 kB/s
2023-03-21 21:01:34,4.4 GB,6.2 GB,1.4 MB/s,124 kB/s
2023-03-21 21:01:35,4.4 GB,6.2 GB,1.7 MB/s,140 kB/s
2023-03-21 21:01:36,4.4 GB,6.2 GB,1.7 MB/s,148 kB/s
2023-03-21 21:01:37,4.4 GB,6.2 GB,1.7 MB/s,142 kB/s
2023-03-21 21:01:38,4.4 GB,6.2 GB,1.8 MB/s,146 kB/s
2023-03-21 21:01:39,4.4 GB,6.2 GB,1.7 MB/s,124 kB/s
2023-03-21 21:01:40,4.4 GB,6.2 GB,1.6 MB/s,136 kB/s
2023-03-21 21:01:41,4.4 GB,6.2 GB,1.6 MB/s,124 kB/s
2023-03-21 21:01:43,4.4 GB,6.2 GB,1.2 MB/s,89 kB/s
2023-03-21 21:01:44,4.4 GB,6.2 GB,1.0 MB/s,81 kB/s
2023-03-21 21:01:45,4.4 GB,6.2 GB,1.5 MB/s,131 kB/s
2023-03-21 21:01:46,4.4 GB,6.2 GB,1.8 MB/s,148 kB/s
2023-03-21 21:01:47,4.4 GB,6.2 GB,1.5 MB/s,113 kB/s
2023-03-21 21:01:48,4.4 GB,6.2 GB,1.7 MB/s,129 kB/s
2023-03-21 21:01:49,4.4 GB,6.2 GB,1.7 MB/s,123 kB/s
2023-03-21 21:01:50,4.4 GB,6.2 GB,1.8 MB/s,112 kB/s
2023-03-21 21:01:51,4.4 GB,6.2 GB,2.1 MB/s,125 kB/s
2023-03-21 21:01:52,4.4 GB,6.2 GB,1.8 MB/s,116 kB/s
2023-03-21 21:01:53,4.4 GB,6.2 GB,2.0 MB/s,129 kB/s
2023-03-21 21:01:54,4.4 GB,6.2 GB,1.7 MB/s,126 kB/s
2023-03-21 21:01:55,4.4 GB,6.2 GB,1.8 MB/s,136 kB/s
2023-03-21 21:01:57,4.4 GB,6.2 GB,1.7 MB/s,129 kB/s
2023-03-21 21:01:58,4.4 GB,6.2 GB,1.7 MB/s,132 kB/s
2023-03-21 21:01:59,4.4 GB,6.2 GB,1.6 MB/s,130 kB/s
2023-03-21 21:02:00,4.4 GB,6.2 GB,1.4 MB/s,130 kB/s
2023-03-21 21:02:01,4.4 GB,6.2 GB,1.6 MB/s,126 kB/s
2023-03-21 21:02:02,4.4 GB,6.2 GB,2.0 MB/s,145 kB/s
2023-03-21 21:02:03,4.4 GB,6.2 GB,2.0 MB/s,147 kB/s
2023-03-21 21:02:04,4.4 GB,6.2 GB,1.2 MB/s,98 kB/s
2023-03-21 21:02:06,4.4 GB,6.2 GB,2.1 MB/s,162 kB/s
2023-03-21 21:02:07,4.4 GB,6.2 GB,2.1 MB/s,156 kB/s
2023-03-21 21:02:08,4.4 GB,6.2 GB,1.8 MB/s,142 kB/s
2023-03-21 21:02:09,4.4 GB,6.2 GB,1.8 MB/s,154 kB/s
2023-03-21 21:02:10,4.4 GB,6.2 GB,1.8 MB/s,144 kB/s
2023-03-21 21:02:11,4.4 GB,6.2 GB,1.7 MB/s,148 kB/s
2023-03-21 21:02:12,4.4 GB,6.2 GB,1.5 MB/s,142 kB/s
2023-03-21 21:02:13,4.4 GB,6.2 GB,1.5 MB/s,140 kB/s
2023-03-21 21:02:15,4.4 GB,6.2 GB,1.4 MB/s,111 kB/s
2023-03-21 21:02:16,4.4 GB,6.2 GB,1.5 MB/s,136 kB/s
2023-03-21 21:02:17,4.4 GB,6.2 GB,1.7 MB/s,139 kB/s
2023-03-21 21:02:18,4.4 GB,6.2 GB,1.7 MB/s,144 kB/s
2023-03-21 21:02:19,4.4 GB,6.2 GB,1.6 MB/s,131 kB/s
2023-03-21 21:02:20,4.4 GB,6.2 GB,1.7 MB/s,135 kB/s
2023-03-21 21:02:21,4.5 GB,6.2 GB,1.8 MB/s,142 kB/s
2023-03-21 21:02:22,4.5 GB,6.2 GB,1.6 MB/s,130 kB/s
2023-03-21 21:02:24,4.5 GB,6.2 GB,1.7 MB/s,132 kB/s
2023-03-21 21:02:25,4.5 GB,6.2 GB,1.5 MB/s,132 kB/s
2023-03-21 21:02:26,4.5 GB,6.2 GB,1.6 MB/s,122 kB/s
2023-03-21 21:02:27,4.5 GB,6.2 GB,1.8 MB/s,132 kB/s
2023-03-21 21:02:28,4.5 GB,6.2 GB,1.8 MB/s,147 kB/s
2023-03-21 21:02:29,4.5 GB,6.2 GB,1.7 MB/s,154 kB/s
2023-03-21 21:02:30,4.5 GB,6.2 GB,1.8 MB/s,157 kB/s
2023-03-21 21:02:31,4.5 GB,6.2 GB,1.6 MB/s,153 kB/s
2023-03-21 21:02:32,4.5 GB,6.2 GB,1.6 MB/s,145 kB/s
2023-03-21 21:02:33,4.5 GB,6.2 GB,1.5 MB/s,131 kB/s
2023-03-21 21:02:34,4.5 GB,6.2 GB,1.3 MB/s,114 kB/s
2023-03-21 21:02:35,4.5 GB,6.2 GB,1.4 MB/s,128 kB/s
2023-03-21 21:02:36,4.5 GB,6.2 GB,1.6 MB/s,132 kB/s
2023-03-21 21:02:38,4.5 GB,6.2 GB,1.6 MB/s,139 kB/s
2023-03-21 21:02:39,4.5 GB,6.2 GB,1.7 MB/s,146 kB/s
2023-03-21 21:02:40,4.5 GB,6.2 GB,1.9 MB/s,168 kB/s
2023-03-21 21:02:41,4.5 GB,6.2 GB,1.8 MB/s,163 kB/s
2023-03-21 21:02:42,4.5 GB,6.2 GB,1.6 MB/s,144 kB/s
2023-03-21 21:02:43,4.5 GB,6.2 GB,1.7 MB/s,147 kB/s
2023-03-21 21:02:44,4.5 GB,6.2 GB,1.7 MB/s,135 kB/s
2023-03-21 21:02:45,4.5 GB,6.2 GB,1.8 MB/s,148 kB/s
2023-03-21 21:02:47,4.5 GB,6.2 GB,1.9 MB/s,143 kB/s
2023-03-21 21:02:48,4.5 GB,6.2 GB,2.0 MB/s,153 kB/s
2023-03-21 21:02:49,4.5 GB,6.2 GB,2.3 MB/s,174 kB/s
2023-03-21 21:02:50,4.5 GB,6.2 GB,2.2 MB/s,161 kB/s
2023-03-21 21:02:51,4.5 GB,6.2 GB,2.2 MB/s,169 kB/s
2023-03-21 21:02:52,4.5 GB,6.2 GB,1.9 MB/s,154 kB/s
2023-03-21 21:02:53,4.5 GB,6.2 GB,2.0 MB/s,164 kB/s
2023-03-21 21:02:54,4.5 GB,6.2 GB,1.8 MB/s,162 kB/s
2023-03-21 21:02:55,4.5 GB,6.2 GB,1.9 MB/s,160 kB/s
2023-03-21 21:02:56,4.5 GB,6.2 GB,1.8 MB/s,137 kB/s
2023-03-21 21:02:58,4.5 GB,6.2 GB,1.9 MB/s,144 kB/s
2023-03-21 21:02:59,4.5 GB,6.2 GB,905 kB/s,67 kB/s
2023-03-21 21:03:00,4.5 GB,6.2 GB,575 kB/s,52 kB/s
2023-03-21 21:03:01,4.5 GB,6.2 GB,450 kB/s,47 kB/s
2023-03-21 21:03:02,4.5 GB,6.2 GB,901 kB/s,75 kB/s
2023-03-21 21:03:03,4.5 GB,6.2 GB,2.1 MB/s,176 kB/s
2023-03-21 21:03:04,4.5 GB,6.2 GB,2.2 MB/s,173 kB/s
2023-03-21 21:03:06,4.5 GB,6.2 GB,2.2 MB/s,179 kB/s
2023-03-21 21:03:07,4.5 GB,6.2 GB,2.5 MB/s,194 kB/s
2023-03-21 21:03:08,4.5 GB,6.2 GB,2.3 MB/s,178 kB/s
2023-03-21 21:03:09,4.5 GB,6.2 GB,2.2 MB/s,165 kB/s
2023-03-21 21:03:10,4.5 GB,6.2 GB,2.2 MB/s,180 kB/s
2023-03-21 21:03:11,4.5 GB,6.2 GB,1.3 MB/s,108 kB/s
2023-03-21 21:03:12,4.5 GB,6.2 GB,2.0 MB/s,152 kB/s
2023-03-21 21:03:14,4.5 GB,6.2 GB,2.1 MB/s,159 kB/s
2023-03-21 21:03:15,4.5 GB,6.2 GB,1.9 MB/s,150 kB/s
2023-03-21 21:03:16,4.5 GB,6.2 GB,1.8 MB/s,171 kB/s
2023-03-21 21:03:17,4.5 GB,6.2 GB,1.8 MB/s,171 kB/s
2023-03-21 21:03:18,4.6 GB,6.2 GB,1.6 MB/s,148 kB/s
2023-03-21 21:03:19,4.6 GB,6.2 GB,1.7 MB/s,150 kB/s
2023-03-21 21:03:20,4.6 GB,6.2 GB,1.5 MB/s,130 kB/s
2023-03-21 21:03:21,4.6 GB,6.2 GB,1.5 MB/s,148 kB/s
2023-03-21 21:03:22,4.6 GB,6.2 GB,1.6 MB/s,152 kB/s
2023-03-21 21:03:23,4.6 GB,6.2 GB,1.7 MB/s,150 kB/s
2023-03-21 21:03:24,4.6 GB,6.2 GB,1.9 MB/s,160 kB/s
2023-03-21 21:03:25,4.6 GB,6.2 GB,2.0 MB/s,167 kB/s
2023-03-21 21:03:27,4.6 GB,6.2 GB,1.7 MB/s,163 kB/s
2023-03-21 21:03:28,4.6 GB,6.2 GB,1.8 MB/s,154 kB/s
2023-03-21 21:03:29,4.6 GB,6.2 GB,1.9 MB/s,154 kB/s
2023-03-21 21:03:30,4.6 GB,6.2 GB,1.7 MB/s,138 kB/s
2023-03-21 21:03:31,4.6 GB,6.2 GB,2.1 MB/s,158 kB/s
2023-03-21 21:03:33,4.6 GB,6.2 GB,2.0 MB/s,169 kB/s
2023-03-21 21:03:34,4.6 GB,6.2 GB,2.3 MB/s,188 kB/s
2023-03-21 21:03:35,4.6 GB,6.2 GB,2.1 MB/s,176 kB/s
2023-03-21 21:03:36,4.6 GB,6.2 GB,1.8 MB/s,152 kB/s
2023-03-21 21:03:37,4.6 GB,6.2 GB,1.9 MB/s,160 kB/s
2023-03-21 21:03:38,4.6 GB,6.2 GB,1.9 MB/s,162 kB/s
2023-03-21 21:03:39,4.6 GB,6.2 GB,1.9 MB/s,162 kB/s
2023-03-21 21:03:40,4.6 GB,6.2 GB,1.8 MB/s,145 kB/s
2023-03-21 21:03:41,4.6 GB,6.2 GB,1.7 MB/s,132 kB/s
2023-03-21 21:03:42,4.6 GB,6.2 GB,1.9 MB/s,142 kB/s
2023-03-21 21:03:43,4.6 GB,6.2 GB,1.8 MB/s,138 kB/s
2023-03-21 21:03:45,4.6 GB,6.2 GB,1.8 MB/s,145 kB/s
2023-03-21 21:03:46,4.6 GB,6.2 GB,1.5 MB/s,131 kB/s
2023-03-21 21:03:47,4.6 GB,6.2 GB,1.6 MB/s,124 kB/s
2023-03-21 21:03:48,4.6 GB,6.2 GB,1.7 MB/s,132 kB/s
2023-03-21 21:03:49,4.6 GB,6.2 GB,1.7 MB/s,151 kB/s
2023-03-21 21:03:50,4.6 GB,6.2 GB,1.6 MB/s,140 kB/s
2023-03-21 21:03:51,4.6 GB,6.2 GB,1.9 MB/s,146 kB/s
2023-03-21 21:03:53,4.6 GB,6.2 GB,2.1 MB/s,164 kB/s
2023-03-21 21:03:54,4.6 GB,6.2 GB,2.2 MB/s,146 kB/s
2023-03-21 21:03:55,4.6 GB,6.2 GB,2.1 MB/s,162 kB/s
2023-03-21 21:03:56,4.6 GB,6.2 GB,2.1 MB/s,149 kB/s
2023-03-21 21:03:57,4.6 GB,6.2 GB,2.0 MB/s,154 kB/s
2023-03-21 21:03:58,4.6 GB,6.2 GB,2.3 MB/s,159 kB/s
2023-03-21 21:03:59,4.6 GB,6.2 GB,2.3 MB/s,149 kB/s
2023-03-21 21:04:00,4.6 GB,6.2 GB,1.5 MB/s,108 kB/s
2023-03-21 21:04:01,4.6 GB,6.2 GB,1.3 MB/s,97 kB/s
2023-03-21 21:04:02,4.6 GB,6.2 GB,1.6 MB/s,115 kB/s
2023-03-21 21:04:04,4.6 GB,6.2 GB,1.7 MB/s,114 kB/s
2023-03-21 21:04:05,4.6 GB,6.2 GB,1.8 MB/s,124 kB/s
2023-03-21 21:04:06,4.6 GB,6.2 GB,1.7 MB/s,136 kB/s
2023-03-21 21:04:07,4.6 GB,6.2 GB,1.6 MB/s,122 kB/s
2023-03-21 21:04:08,4.6 GB,6.2 GB,1.5 MB/s,114 kB/s
2023-03-21 21:04:09,4.6 GB,6.2 GB,1.6 MB/s,120 kB/s
2023-03-21 21:04:10,4.6 GB,6.2 GB,1.5 MB/s,134 kB/s
2023-03-21 21:04:11,4.6 GB,6.2 GB,1.7 MB/s,145 kB/s
2023-03-21 21:04:12,4.6 GB,6.2 GB,1.7 MB/s,142 kB/s
2023-03-21 21:04:13,4.6 GB,6.2 GB,1.5 MB/s,122 kB/s
2023-03-21 21:04:14,4.7 GB,6.2 GB,1.8 MB/s,131 kB/s
2023-03-21 21:04:16,4.7 GB,6.2 GB,1.6 MB/s,150 kB/s
2023-03-21 21:04:17,4.7 GB,6.2 GB,2.1 MB/s,200 kB/s
2023-03-21 21:04:18,4.7 GB,6.2 GB,1.7 MB/s,157 kB/s
2023-03-21 21:04:19,4.7 GB,6.2 GB,1.9 MB/s,179 kB/s
2023-03-21 21:04:20,4.7 GB,6.2 GB,2.3 MB/s,201 kB/s
2023-03-21 21:04:21,4.7 GB,6.2 GB,2.1 MB/s,177 kB/s
2023-03-21 21:04:23,4.7 GB,6.2 GB,2.0 MB/s,170 kB/s
2023-03-21 21:04:24,4.7 GB,6.2 GB,1.6 MB/s,146 kB/s
2023-03-21 21:04:25,4.7 GB,6.2 GB,1.4 MB/s,126 kB/s
2023-03-21 21:04:26,4.7 GB,6.2 GB,1.7 MB/s,137 kB/s
2023-03-21 21:04:27,4.7 GB,6.2 GB,1.9 MB/s,162 kB/s
2023-03-21 21:04:29,4.7 GB,6.2 GB,1.9 MB/s,172 kB/s
2023-03-21 21:04:30,4.7 GB,6.2 GB,1.3 MB/s,109 kB/s
2023-03-21 21:04:31,4.7 GB,6.2 GB,1.3 MB/s,139 kB/s
2023-03-21 21:04:32,4.7 GB,6.2 GB,1.6 MB/s,147 kB/s
2023-03-21 21:04:33,4.7 GB,6.2 GB,1.6 MB/s,125 kB/s
2023-03-21 21:04:34,4.7 GB,6.2 GB,1.9 MB/s,145 kB/s
2023-03-21 21:04:35,4.7 GB,6.2 GB,1.7 MB/s,135 kB/s
2023-03-21 21:04:36,4.7 GB,6.2 GB,1.9 MB/s,151 kB/s
2023-03-21 21:04:37,4.7 GB,6.2 GB,1.1 MB/s,101 kB/s
2023-03-21 21:04:39,4.7 GB,6.2 GB,1.5 MB/s,122 kB/s
2023-03-21 21:04:40,4.7 GB,6.2 GB,1.7 MB/s,144 kB/s
2023-03-21 21:04:41,4.7 GB,6.2 GB,1.7 MB/s,150 kB/s
2023-03-21 21:04:42,4.7 GB,6.2 GB,1.9 MB/s,152 kB/s
2023-03-21 21:04:43,4.7 GB,6.2 GB,1.8 MB/s,151 kB/s
2023-03-21 21:04:44,4.7 GB,6.2 GB,1.7 MB/s,143 kB/s
2023-03-21 21:04:45,4.7 GB,6.2 GB,1.8 MB/s,144 kB/s
2023-03-21 21:04:47,4.7 GB,6.2 GB,1.6 MB/s,132 kB/s
2023-03-21 21:04:48,4.7 GB,6.2 GB,1.9 MB/s,160 kB/s
2023-03-21 21:04:49,4.7 GB,6.2 GB,1.9 MB/s,161 kB/s
2023-03-21 21:04:50,4.7 GB,6.2 GB,1.7 MB/s,120 kB/s
2023-03-21 21:04:51,4.7 GB,6.2 GB,2.0 MB/s,181 kB/s
2023-03-21 21:04:52,4.7 GB,6.2 GB,1.8 MB/s,152 kB/s
2023-03-21 21:04:54,4.7 GB,6.2 GB,1.8 MB/s,146 kB/s
2023-03-21 21:04:55,4.7 GB,6.2 GB,2.0 MB/s,168 kB/s
2023-03-21 21:04:56,4.7 GB,6.2 GB,1.5 MB/s,108 kB/s
2023-03-21 21:04:57,4.7 GB,6.2 GB,756 kB/s,58 kB/s
2023-03-21 21:04:58,4.7 GB,6.2 GB,966 kB/s,81 kB/s
2023-03-21 21:04:59,4.7 GB,6.2 GB,2.1 MB/s,176 kB/s
2023-03-21 21:05:00,4.7 GB,6.2 GB,1.7 MB/s,144 kB/s
2023-03-21 21:05:02,4.7 GB,6.2 GB,1.4 MB/s,130 kB/s
2023-03-21 21:05:03,4.7 GB,6.2 GB,1.6 MB/s,130 kB/s
2023-03-21 21:05:04,4.7 GB,6.2 GB,1.8 MB/s,120 kB/s
2023-03-21 21:05:05,4.7 GB,6.2 GB,1.7 MB/s,125 kB/s
2023-03-21 21:05:06,4.7 GB,6.2 GB,771 kB/s,57 kB/s
2023-03-21 21:05:07,4.7 GB,6.2 GB,464 kB/s,38 kB/s
2023-03-21 21:05:09,4.7 GB,6.2 GB,1.7 MB/s,125 kB/s
2023-03-21 21:05:10,4.7 GB,6.2 GB,1.9 MB/s,139 kB/s
2023-03-21 21:05:11,4.7 GB,6.2 GB,1.5 MB/s,113 kB/s
2023-03-21 21:05:12,4.7 GB,6.2 GB,869 kB/s,66 kB/s
2023-03-21 21:05:13,4.8 GB,6.2 GB,2.0 MB/s,162 kB/s
2023-03-21 21:05:15,4.8 GB,6.2 GB,2.1 MB/s,174 kB/s
2023-03-21 21:05:16,4.8 GB,6.2 GB,1.5 MB/s,134 kB/s
2023-03-21 21:05:17,4.8 GB,6.2 GB,1.5 MB/s,150 kB/s
2023-03-21 21:05:18,4.8 GB,6.2 GB,1.6 MB/s,150 kB/s
2023-03-21 21:05:19,4.8 GB,6.2 GB,1.7 MB/s,152 kB/s
2023-03-21 21:05:20,4.8 GB,6.2 GB,1.7 MB/s,164 kB/s
2023-03-21 21:05:21,4.8 GB,6.2 GB,1.7 MB/s,170 kB/s
2023-03-21 21:05:22,4.8 GB,6.2 GB,1.5 MB/s,142 kB/s
2023-03-21 21:05:23,4.8 GB,6.2 GB,1.7 MB/s,150 kB/s
2023-03-21 21:05:25,4.8 GB,6.2 GB,1.5 MB/s,142 kB/s
2023-03-21 21:05:26,4.8 GB,6.2 GB,1.3 MB/s,130 kB/s
2023-03-21 21:05:27,4.8 GB,6.2 GB,1.5 MB/s,135 kB/s
2023-03-21 21:05:28,4.8 GB,6.2 GB,1.6 MB/s,146 kB/s
2023-03-21 21:05:29,4.8 GB,6.2 GB,1.8 MB/s,158 kB/s
2023-03-21 21:05:30,4.8 GB,6.2 GB,2.0 MB/s,164 kB/s
2023-03-21 21:05:31,4.8 GB,6.2 GB,1.6 MB/s,142 kB/s
2023-03-21 21:05:32,4.8 GB,6.2 GB,2.2 MB/s,187 kB/s
2023-03-21 21:05:34,4.8 GB,6.2 GB,2.2 MB/s,204 kB/s
2023-03-21 21:05:35,4.8 GB,6.2 GB,2.0 MB/s,178 kB/s
2023-03-21 21:05:36,4.8 GB,6.2 GB,1.8 MB/s,145 kB/s
2023-03-21 21:05:37,4.8 GB,6.2 GB,1.7 MB/s,150 kB/s
2023-03-21 21:05:38,4.8 GB,6.2 GB,1.6 MB/s,152 kB/s
2023-03-21 21:05:39,4.8 GB,6.2 GB,1.6 MB/s,140 kB/s
2023-03-21 21:05:40,4.8 GB,6.2 GB,1.5 MB/s,138 kB/s
2023-03-21 21:05:41,4.8 GB,6.2 GB,1.6 MB/s,137 kB/s
2023-03-21 21:05:43,4.8 GB,6.2 GB,1.8 MB/s,141 kB/s
2023-03-21 21:05:44,4.8 GB,6.2 GB,1.5 MB/s,123 kB/s
2023-03-21 21:05:45,4.8 GB,6.2 GB,1.6 MB/s,134 kB/s
2023-03-21 21:05:46,4.8 GB,6.2 GB,1.7 MB/s,142 kB/s
2023-03-21 21:05:47,4.8 GB,6.2 GB,1.4 MB/s,118 kB/s
2023-03-21 21:05:48,4.8 GB,6.2 GB,1.6 MB/s,123 kB/s
2023-03-21 21:05:49,4.8 GB,6.2 GB,1.9 MB/s,152 kB/s
2023-03-21 21:05:50,4.8 GB,6.2 GB,2.0 MB/s,151 kB/s
2023-03-21 21:05:52,4.8 GB,6.2 GB,1.7 MB/s,118 kB/s
2023-03-21 21:05:53,4.8 GB,6.2 GB,1.9 MB/s,132 kB/s
2023-03-21 21:05:54,4.8 GB,6.2 GB,1.7 MB/s,133 kB/s
2023-03-21 21:05:55,4.8 GB,6.2 GB,1.7 MB/s,131 kB/s
2023-03-21 21:05:56,4.8 GB,6.2 GB,1.7 MB/s,112 kB/s
2023-03-21 21:05:57,4.8 GB,6.2 GB,1.5 MB/s,130 kB/s
2023-03-21 21:05:58,4.8 GB,6.2 GB,1.5 MB/s,127 kB/s
2023-03-21 21:05:59,4.8 GB,6.2 GB,1.7 MB/s,140 kB/s
2023-03-21 21:06:00,4.8 GB,6.2 GB,1.4 MB/s,120 kB/s
2023-03-21 21:06:01,4.8 GB,6.2 GB,2.1 MB/s,184 kB/s
2023-03-21 21:06:03,4.8 GB,6.2 GB,1.7 MB/s,149 kB/s
2023-03-21 21:06:04,4.8 GB,6.2 GB,1.6 MB/s,147 kB/s
2023-03-21 21:06:05,4.8 GB,6.2 GB,2.1 MB/s,170 kB/s
2023-03-21 21:06:06,4.8 GB,6.2 GB,1.9 MB/s,145 kB/s
2023-03-21 21:06:07,4.8 GB,6.2 GB,1.7 MB/s,140 kB/s
2023-03-21 21:06:08,4.8 GB,6.2 GB,1.8 MB/s,156 kB/s
2023-03-21 21:06:09,4.8 GB,6.2 GB,1.7 MB/s,136 kB/s
2023-03-21 21:06:11,4.8 GB,6.2 GB,2.1 MB/s,153 kB/s
2023-03-21 21:06:12,4.9 GB,6.2 GB,2.1 MB/s,153 kB/s
2023-03-21 21:06:13,4.9 GB,6.2 GB,1.8 MB/s,142 kB/s
2023-03-21 21:06:14,4.9 GB,6.2 GB,1.8 MB/s,138 kB/s
2023-03-21 21:06:15,4.9 GB,6.2 GB,1.6 MB/s,131 kB/s
2023-03-21 21:06:16,4.9 GB,6.2 GB,1.6 MB/s,143 kB/s
2023-03-21 21:06:17,4.9 GB,6.2 GB,1.4 MB/s,134 kB/s
2023-03-21 21:06:18,4.9 GB,6.2 GB,1.1 MB/s,116 kB/s
2023-03-21 21:06:20,4.9 GB,6.2 GB,1.5 MB/s,132 kB/s
2023-03-21 21:06:21,4.9 GB,6.2 GB,677 kB/s,85 kB/s
2023-03-21 21:06:22,4.9 GB,6.2 GB,480 kB/s,52 kB/s
2023-03-21 21:06:23,4.9 GB,6.2 GB,1.0 MB/s,89 kB/s
2023-03-21 21:06:24,4.9 GB,6.2 GB,1.6 MB/s,151 kB/s
2023-03-21 21:06:25,4.9 GB,6.2 GB,1.9 MB/s,160 kB/s
2023-03-21 21:06:27,4.9 GB,6.2 GB,2.0 MB/s,179 kB/s
2023-03-21 21:06:28,4.9 GB,6.2 GB,1.8 MB/s,165 kB/s
2023-03-21 21:06:29,4.9 GB,6.2 GB,1.7 MB/s,175 kB/s
2023-03-21 21:06:30,4.9 GB,6.2 GB,1.7 MB/s,155 kB/s
2023-03-21 21:06:31,4.9 GB,6.2 GB,1.7 MB/s,174 kB/s
2023-03-21 21:06:32,4.9 GB,6.2 GB,2.0 MB/s,183 kB/s
2023-03-21 21:06:33,4.9 GB,6.2 GB,2.1 MB/s,196 kB/s
2023-03-21 21:06:35,4.9 GB,6.2 GB,2.0 MB/s,166 kB/s
2023-03-21 21:06:36,4.9 GB,6.2 GB,1.6 MB/s,146 kB/s
2023-03-21 21:06:37,4.9 GB,6.2 GB,1.9 MB/s,163 kB/s
2023-03-21 21:06:38,4.9 GB,6.2 GB,2.0 MB/s,146 kB/s
2023-03-21 21:06:40,4.9 GB,6.2 GB,1.9 MB/s,128 kB/s
2023-03-21 21:06:41,4.9 GB,6.2 GB,2.1 MB/s,163 kB/s
2023-03-21 21:06:42,4.9 GB,6.2 GB,2.1 MB/s,170 kB/s
2023-03-21 21:06:43,4.9 GB,6.2 GB,2.1 MB/s,184 kB/s
2023-03-21 21:06:44,4.9 GB,6.2 GB,2.2 MB/s,190 kB/s
2023-03-21 21:06:45,4.9 GB,6.2 GB,1.8 MB/s,160 kB/s
2023-03-21 21:06:46,4.9 GB,6.2 GB,1.4 MB/s,124 kB/s
2023-03-21 21:06:48,4.9 GB,6.2 GB,1.7 MB/s,133 kB/s
2023-03-21 21:06:49,4.9 GB,6.2 GB,1.6 MB/s,131 kB/s
2023-03-21 21:06:50,4.9 GB,6.2 GB,1.9 MB/s,142 kB/s
2023-03-21 21:06:51,4.9 GB,6.2 GB,1.6 MB/s,125 kB/s
2023-03-21 21:06:52,4.9 GB,6.2 GB,727 kB/s,63 kB/s
2023-03-21 21:06:53,4.9 GB,6.2 GB,1.1 MB/s,82 kB/s
2023-03-21 21:06:54,4.9 GB,6.2 GB,1.3 MB/s,102 kB/s
2023-03-21 21:06:56,4.9 GB,6.2 GB,1.7 MB/s,126 kB/s
2023-03-21 21:06:57,4.9 GB,6.2 GB,1.3 MB/s,116 kB/s
2023-03-21 21:06:58,4.9 GB,6.2 GB,1.8 MB/s,141 kB/s
2023-03-21 21:06:59,4.9 GB,6.2 GB,1.8 MB/s,147 kB/s
2023-03-21 21:07:00,4.9 GB,6.2 GB,1.6 MB/s,122 kB/s
2023-03-21 21:07:01,4.9 GB,6.2 GB,1.6 MB/s,123 kB/s
2023-03-21 21:07:02,4.9 GB,6.2 GB,1.5 MB/s,128 kB/s
2023-03-21 21:07:03,4.9 GB,6.2 GB,1.6 MB/s,128 kB/s
2023-03-21 21:07:05,4.9 GB,6.2 GB,1.8 MB/s,142 kB/s
2023-03-21 21:07:06,4.9 GB,6.2 GB,1.8 MB/s,133 kB/s
2023-03-21 21:07:07,4.9 GB,6.2 GB,1.8 MB/s,147 kB/s
2023-03-21 21:07:08,4.9 GB,6.2 GB,1.8 MB/s,131 kB/s
2023-03-21 21:07:09,4.9 GB,6.2 GB,1.8 MB/s,128 kB/s
2023-03-21 21:07:10,4.9 GB,6.2 GB,1.7 MB/s,149 kB/s
2023-03-21 21:07:12,5.0 GB,6.2 GB,1.7 MB/s,133 kB/s
2023-03-21 21:07:13,5.0 GB,6.2 GB,1.4 MB/s,112 kB/s
2023-03-21 21:07:14,5.0 GB,6.2 GB,621 kB/s,56 kB/s
2023-03-21 21:07:15,5.0 GB,6.2 GB,1.1 MB/s,82 kB/s
2023-03-21 21:07:17,5.0 GB,6.2 GB,1.2 MB/s,131 kB/s
2023-03-21 21:07:18,5.0 GB,6.2 GB,1.6 MB/s,155 kB/s
2023-03-21 21:07:19,5.0 GB,6.2 GB,1.5 MB/s,135 kB/s
2023-03-21 21:07:20,5.0 GB,6.2 GB,1.0 MB/s,108 kB/s
2023-03-21 21:07:22,5.0 GB,6.2 GB,1.4 MB/s,121 kB/s
2023-03-21 21:07:23,5.0 GB,6.2 GB,1.4 MB/s,132 kB/s
2023-03-21 21:07:24,5.0 GB,6.2 GB,1.5 MB/s,148 kB/s
2023-03-21 21:07:25,5.0 GB,6.2 GB,1.3 MB/s,124 kB/s
2023-03-21 21:07:26,5.0 GB,6.2 GB,1.4 MB/s,130 kB/s
2023-03-21 21:07:27,5.0 GB,6.2 GB,1.7 MB/s,134 kB/s
2023-03-21 21:07:29,5.0 GB,6.2 GB,1.3 MB/s,103 kB/s
2023-03-21 21:07:30,5.0 GB,6.2 GB,1.7 MB/s,152 kB/s
2023-03-21 21:07:31,5.0 GB,6.2 GB,1.7 MB/s,156 kB/s
2023-03-21 21:07:32,5.0 GB,6.2 GB,1.4 MB/s,131 kB/s
2023-03-21 21:07:33,5.0 GB,6.2 GB,1.5 MB/s,129 kB/s
2023-03-21 21:07:35,5.0 GB,6.2 GB,1.4 MB/s,128 kB/s
2023-03-21 21:07:36,5.0 GB,6.2 GB,1.4 MB/s,135 kB/s
2023-03-21 21:07:37,5.0 GB,6.2 GB,1.9 MB/s,167 kB/s
2023-03-21 21:07:38,5.0 GB,6.2 GB,1.6 MB/s,149 kB/s
2023-03-21 21:07:39,5.0 GB,6.2 GB,1.4 MB/s,124 kB/s
2023-03-21 21:07:40,5.0 GB,6.2 GB,1.3 MB/s,101 kB/s
2023-03-21 21:07:41,5.0 GB,6.2 GB,1.1 MB/s,84 kB/s
2023-03-21 21:07:42,5.0 GB,6.2 GB,1.2 MB/s,90 kB/s
2023-03-21 21:07:43,5.0 GB,6.2 GB,1.5 MB/s,130 kB/s
2023-03-21 21:07:45,5.0 GB,6.2 GB,1.6 MB/s,124 kB/s
2023-03-21 21:07:46,5.0 GB,6.2 GB,1.6 MB/s,138 kB/s
2023-03-21 21:07:47,5.0 GB,6.2 GB,1.3 MB/s,112 kB/s
2023-03-21 21:07:48,5.0 GB,6.2 GB,1.3 MB/s,112 kB/s
2023-03-21 21:07:49,5.0 GB,6.2 GB,1.5 MB/s,119 kB/s
2023-03-21 21:07:50,5.0 GB,6.2 GB,1.6 MB/s,106 kB/s
2023-03-21 21:07:52,5.0 GB,6.2 GB,1.5 MB/s,104 kB/s
2023-03-21 21:07:53,5.0 GB,6.2 GB,1.4 MB/s,108 kB/s
2023-03-21 21:07:54,5.0 GB,6.2 GB,1.3 MB/s,111 kB/s
2023-03-21 21:07:55,5.0 GB,6.2 GB,1.7 MB/s,142 kB/s
2023-03-21 21:07:56,5.0 GB,6.2 GB,1.6 MB/s,120 kB/s
2023-03-21 21:07:58,5.0 GB,6.2 GB,1.8 MB/s,143 kB/s
2023-03-21 21:07:59,5.0 GB,6.2 GB,901 kB/s,72 kB/s
2023-03-21 21:08:00,5.0 GB,6.2 GB,1.7 MB/s,143 kB/s
2023-03-21 21:08:01,5.0 GB,6.2 GB,1.4 MB/s,127 kB/s
2023-03-21 21:08:02,5.0 GB,6.2 GB,1.4 MB/s,124 kB/s
2023-03-21 21:08:03,5.0 GB,6.2 GB,1.9 MB/s,160 kB/s
2023-03-21 21:08:05,5.0 GB,6.2 GB,1.7 MB/s,144 kB/s
2023-03-21 21:08:06,5.0 GB,6.2 GB,1.9 MB/s,151 kB/s
2023-03-21 21:08:07,5.0 GB,6.2 GB,1.7 MB/s,141 kB/s
2023-03-21 21:08:08,5.0 GB,6.2 GB,1.6 MB/s,123 kB/s
2023-03-21 21:08:09,5.0 GB,6.2 GB,1.7 MB/s,135 kB/s
2023-03-21 21:08:11,5.0 GB,6.2 GB,1.9 MB/s,140 kB/s
2023-03-21 21:08:12,5.0 GB,6.2 GB,1.6 MB/s,138 kB/s
2023-03-21 21:08:13,5.0 GB,6.2 GB,1.7 MB/s,134 kB/s
2023-03-21 21:08:14,5.0 GB,6.2 GB,734 kB/s,65 kB/s
2023-03-21 21:08:15,5.0 GB,6.2 GB,401 kB/s,39 kB/s
2023-03-21 21:08:16,5.0 GB,6.2 GB,1.2 MB/s,99 kB/s
2023-03-21 21:08:18,5.0 GB,6.2 GB,1.3 MB/s,111 kB/s
2023-03-21 21:08:19,5.0 GB,6.2 GB,2.0 MB/s,158 kB/s
2023-03-21 21:08:20,5.0 GB,6.2 GB,2.0 MB/s,181 kB/s
2023-03-21 21:08:21,5.1 GB,6.2 GB,1.9 MB/s,204 kB/s
2023-03-21 21:08:22,5.1 GB,6.2 GB,1.6 MB/s,152 kB/s
2023-03-21 21:08:23,5.1 GB,6.2 GB,1.4 MB/s,121 kB/s
2023-03-21 21:08:24,5.1 GB,6.2 GB,1.4 MB/s,116 kB/s
2023-03-21 21:08:25,5.1 GB,6.2 GB,1.8 MB/s,147 kB/s
2023-03-21 21:08:27,5.1 GB,6.2 GB,1.5 MB/s,125 kB/s
2023-03-21 21:08:28,5.1 GB,6.2 GB,1.8 MB/s,154 kB/s
2023-03-21 21:08:29,5.1 GB,6.2 GB,1.9 MB/s,175 kB/s
2023-03-21 21:08:30,5.1 GB,6.2 GB,1.7 MB/s,163 kB/s
2023-03-21 21:08:31,5.1 GB,6.2 GB,1.7 MB/s,169 kB/s
2023-03-21 21:08:32,5.1 GB,6.2 GB,1.6 MB/s,153 kB/s
2023-03-21 21:08:34,5.1 GB,6.2 GB,1.5 MB/s,150 kB/s
2023-03-21 21:08:35,5.1 GB,6.2 GB,1.8 MB/s,145 kB/s
2023-03-21 21:08:36,5.1 GB,6.2 GB,1.6 MB/s,125 kB/s
2023-03-21 21:08:37,5.1 GB,6.2 GB,1.8 MB/s,159 kB/s
2023-03-21 21:08:38,5.1 GB,6.2 GB,1.9 MB/s,161 kB/s
2023-03-21 21:08:39,5.1 GB,6.2 GB,1.5 MB/s,126 kB/s
2023-03-21 21:08:40,5.1 GB,6.2 GB,1.5 MB/s,130 kB/s
2023-03-21 21:08:42,5.1 GB,6.2 GB,1.7 MB/s,160 kB/s
2023-03-21 21:08:43,5.1 GB,6.2 GB,1.6 MB/s,151 kB/s
2023-03-21 21:08:44,5.1 GB,6.2 GB,1.6 MB/s,144 kB/s
2023-03-21 21:08:45,5.1 GB,6.2 GB,1.7 MB/s,154 kB/s
2023-03-21 21:08:46,5.1 GB,6.2 GB,1.8 MB/s,157 kB/s
2023-03-21 21:08:47,5.1 GB,6.2 GB,1.4 MB/s,113 kB/s
2023-03-21 21:08:48,5.1 GB,6.2 GB,820 kB/s,64 kB/s
2023-03-21 21:08:49,5.1 GB,6.2 GB,1.1 MB/s,94 kB/s
2023-03-21 21:08:51,5.1 GB,6.2 GB,2.1 MB/s,174 kB/s
2023-03-21 21:08:52,5.1 GB,6.2 GB,1.9 MB/s,159 kB/s
2023-03-21 21:08:53,5.1 GB,6.2 GB,1.6 MB/s,128 kB/s
2023-03-21 21:08:54,5.1 GB,6.2 GB,1.8 MB/s,134 kB/s
2023-03-21 21:08:56,5.1 GB,6.2 GB,1.7 MB/s,111 kB/s
2023-03-21 21:08:57,5.1 GB,6.2 GB,1.8 MB/s,116 kB/s
2023-03-21 21:08:58,5.1 GB,6.3 GB,2.1 MB/s,164 kB/s
2023-03-21 21:08:59,5.1 GB,6.3 GB,2.2 MB/s,176 kB/s
2023-03-21 21:09:00,5.1 GB,6.3 GB,1.9 MB/s,143 kB/s
2023-03-21 21:09:01,5.1 GB,6.3 GB,2.0 MB/s,139 kB/s
2023-03-21 21:09:02,5.1 GB,6.3 GB,1.6 MB/s,134 kB/s
2023-03-21 21:09:04,5.1 GB,6.3 GB,1.7 MB/s,143 kB/s
2023-03-21 21:09:05,5.1 GB,6.3 GB,1.7 MB/s,148 kB/s
2023-03-21 21:09:06,5.1 GB,6.3 GB,1.9 MB/s,163 kB/s
2023-03-21 21:09:07,5.1 GB,6.3 GB,1.5 MB/s,128 kB/s
2023-03-21 21:09:08,5.1 GB,6.3 GB,1.6 MB/s,130 kB/s
2023-03-21 21:09:09,5.1 GB,6.3 GB,1.9 MB/s,164 kB/s
2023-03-21 21:09:10,5.1 GB,6.3 GB,1.7 MB/s,144 kB/s
2023-03-21 21:09:11,5.1 GB,6.3 GB,1.9 MB/s,144 kB/s
2023-03-21 21:09:12,5.1 GB,6.3 GB,1.7 MB/s,145 kB/s
2023-03-21 21:09:14,5.1 GB,6.3 GB,1.7 MB/s,153 kB/s
2023-03-21 21:09:15,5.1 GB,6.3 GB,1.6 MB/s,151 kB/s
2023-03-21 21:09:16,5.1 GB,6.3 GB,1.5 MB/s,145 kB/s
2023-03-21 21:09:17,5.1 GB,6.3 GB,1.4 MB/s,134 kB/s
2023-03-21 21:09:18,5.1 GB,6.3 GB,1.8 MB/s,153 kB/s
2023-03-21 21:09:19,5.1 GB,6.3 GB,1.6 MB/s,128 kB/s
2023-03-21 21:09:20,5.2 GB,6.3 GB,1.8 MB/s,158 kB/s
2023-03-21 21:09:21,5.2 GB,6.3 GB,1.6 MB/s,143 kB/s
2023-03-21 21:09:22,5.2 GB,6.3 GB,1.3 MB/s,117 kB/s
2023-03-21 21:09:23,5.2 GB,6.3 GB,1.7 MB/s,145 kB/s
2023-03-21 21:09:25,5.2 GB,6.3 GB,1.7 MB/s,145 kB/s
2023-03-21 21:09:26,5.2 GB,6.3 GB,1.6 MB/s,138 kB/s
2023-03-21 21:09:27,5.2 GB,6.3 GB,1.6 MB/s,152 kB/s
2023-03-21 21:09:28,5.2 GB,6.3 GB,1.6 MB/s,148 kB/s
2023-03-21 21:09:29,5.2 GB,6.3 GB,1.9 MB/s,180 kB/s
2023-03-21 21:09:31,5.2 GB,6.3 GB,2.0 MB/s,187 kB/s
2023-03-21 21:09:32,5.2 GB,6.3 GB,1.1 MB/s,118 kB/s
2023-03-21 21:09:33,5.2 GB,6.3 GB,1.1 MB/s,103 kB/s
2023-03-21 21:09:34,5.2 GB,6.3 GB,1.7 MB/s,163 kB/s
2023-03-21 21:09:35,5.2 GB,6.3 GB,1.5 MB/s,136 kB/s
2023-03-21 21:09:36,5.2 GB,6.3 GB,2.2 MB/s,174 kB/s
2023-03-21 21:09:37,5.2 GB,6.3 GB,2.1 MB/s,165 kB/s
2023-03-21 21:09:38,5.2 GB,6.3 GB,1.8 MB/s,140 kB/s
2023-03-21 21:09:40,5.2 GB,6.3 GB,2.0 MB/s,174 kB/s
2023-03-21 21:09:41,5.2 GB,6.3 GB,2.0 MB/s,167 kB/s
2023-03-21 21:09:42,5.2 GB,6.3 GB,2.0 MB/s,150 kB/s
2023-03-21 21:09:43,5.2 GB,6.3 GB,2.0 MB/s,134 kB/s
2023-03-21 21:09:44,5.2 GB,6.3 GB,2.0 MB/s,146 kB/s
2023-03-21 21:09:45,5.2 GB,6.3 GB,2.0 MB/s,153 kB/s
2023-03-21 21:09:47,5.2 GB,6.3 GB,1.8 MB/s,131 kB/s
2023-03-21 21:09:48,5.2 GB,6.3 GB,1.6 MB/s,126 kB/s
2023-03-21 21:09:49,5.2 GB,6.3 GB,2.2 MB/s,167 kB/s
2023-03-21 21:09:50,5.2 GB,6.3 GB,2.0 MB/s,164 kB/s
2023-03-21 21:09:51,5.2 GB,6.3 GB,1.8 MB/s,151 kB/s
2023-03-21 21:09:53,5.2 GB,6.3 GB,2.4 MB/s,180 kB/s
2023-03-21 21:09:54,5.2 GB,6.3 GB,2.0 MB/s,163 kB/s
2023-03-21 21:09:55,5.2 GB,6.3 GB,2.3 MB/s,167 kB/s
2023-03-21 21:09:56,5.2 GB,6.3 GB,2.1 MB/s,172 kB/s
2023-03-21 21:09:57,5.2 GB,6.3 GB,1.7 MB/s,126 kB/s
2023-03-21 21:09:58,5.2 GB,6.3 GB,1.3 MB/s,95 kB/s
2023-03-21 21:09:59,5.2 GB,6.3 GB,2.0 MB/s,121 kB/s
2023-03-21 21:10:00,5.2 GB,6.3 GB,1.9 MB/s,128 kB/s
2023-03-21 21:10:01,5.2 GB,6.3 GB,1.5 MB/s,109 kB/s
2023-03-21 21:10:02,5.2 GB,6.3 GB,1.3 MB/s,104 kB/s
2023-03-21 21:10:03,5.2 GB,6.3 GB,1.7 MB/s,133 kB/s
2023-03-21 21:10:05,5.2 GB,6.3 GB,1.7 MB/s,144 kB/s
2023-03-21 21:10:06,5.2 GB,6.3 GB,1.6 MB/s,126 kB/s
2023-03-21 21:10:07,5.2 GB,6.3 GB,1.5 MB/s,124 kB/s
2023-03-21 21:10:08,5.2 GB,6.3 GB,1.5 MB/s,120 kB/s
2023-03-21 21:10:09,5.2 GB,6.3 GB,1.4 MB/s,117 kB/s
2023-03-21 21:10:10,5.2 GB,6.3 GB,1.5 MB/s,106 kB/s
2023-03-21 21:10:11,5.2 GB,6.3 GB,1.9 MB/s,126 kB/s
2023-03-21 21:10:12,5.2 GB,6.3 GB,2.1 MB/s,149 kB/s
2023-03-21 21:10:13,5.2 GB,6.3 GB,1.9 MB/s,155 kB/s
2023-03-21 21:10:14,5.2 GB,6.3 GB,1.7 MB/s,140 kB/s
2023-03-21 21:10:16,5.2 GB,6.3 GB,1.4 MB/s,136 kB/s
2023-03-21 21:10:17,5.2 GB,6.3 GB,1.6 MB/s,166 kB/s
2023-03-21 21:10:18,5.3 GB,6.3 GB,1.3 MB/s,123 kB/s
2023-03-21 21:10:19,5.3 GB,6.3 GB,1.6 MB/s,138 kB/s
2023-03-21 21:10:20,5.3 GB,6.3 GB,1.7 MB/s,108 kB/s
2023-03-21 21:10:21,5.3 GB,6.3 GB,1.3 MB/s,98 kB/s
2023-03-21 21:10:22,5.3 GB,6.3 GB,2.2 MB/s,186 kB/s
2023-03-21 21:10:24,5.3 GB,6.3 GB,1.8 MB/s,163 kB/s
2023-03-21 21:10:25,5.3 GB,6.3 GB,2.3 MB/s,211 kB/s
2023-03-21 21:10:26,5.3 GB,6.3 GB,1.8 MB/s,182 kB/s
2023-03-21 21:10:27,5.3 GB,6.3 GB,1.7 MB/s,163 kB/s
2023-03-21 21:10:28,5.3 GB,6.3 GB,1.9 MB/s,163 kB/s
2023-03-21 21:10:29,5.3 GB,6.3 GB,1.5 MB/s,134 kB/s
2023-03-21 21:10:30,5.3 GB,6.3 GB,1.8 MB/s,155 kB/s
2023-03-21 21:10:32,5.3 GB,6.3 GB,1.8 MB/s,144 kB/s
2023-03-21 21:10:33,5.3 GB,6.3 GB,2.0 MB/s,166 kB/s
2023-03-21 21:10:34,5.3 GB,6.3 GB,2.0 MB/s,174 kB/s
2023-03-21 21:10:35,5.3 GB,6.3 GB,2.0 MB/s,161 kB/s
2023-03-21 21:10:36,5.3 GB,6.3 GB,2.3 MB/s,180 kB/s
2023-03-21 21:10:37,5.3 GB,6.3 GB,2.3 MB/s,190 kB/s
2023-03-21 21:10:38,5.3 GB,6.3 GB,2.0 MB/s,168 kB/s
2023-03-21 21:10:39,5.3 GB,6.3 GB,2.3 MB/s,174 kB/s
2023-03-21 21:10:40,5.3 GB,6.3 GB,2.0 MB/s,151 kB/s
2023-03-21 21:10:42,5.3 GB,6.3 GB,2.1 MB/s,162 kB/s
2023-03-21 21:10:43,5.3 GB,6.3 GB,2.2 MB/s,168 kB/s
2023-03-21 21:10:44,5.3 GB,6.3 GB,1.5 MB/s,124 kB/s
2023-03-21 21:10:45,5.3 GB,6.3 GB,2.0 MB/s,153 kB/s
2023-03-21 21:10:46,5.3 GB,6.3 GB,1.9 MB/s,148 kB/s
2023-03-21 21:10:47,5.3 GB,6.3 GB,1.6 MB/s,116 kB/s
2023-03-21 21:10:48,5.3 GB,6.3 GB,2.0 MB/s,148 kB/s
2023-03-21 21:10:50,5.3 GB,6.3 GB,1.8 MB/s,132 kB/s
2023-03-21 21:10:51,5.3 GB,6.3 GB,1.5 MB/s,99 kB/s
2023-03-21 21:10:52,5.3 GB,6.3 GB,1.5 MB/s,103 kB/s
2023-03-21 21:10:53,5.3 GB,6.3 GB,1.1 MB/s,79 kB/s
2023-03-21 21:10:54,5.3 GB,6.3 GB,1.1 MB/s,81 kB/s
2023-03-21 21:10:55,5.3 GB,6.3 GB,1.5 MB/s,95 kB/s
2023-03-21 21:10:56,5.3 GB,6.3 GB,1.4 MB/s,102 kB/s
2023-03-21 21:10:57,5.3 GB,6.3 GB,1.7 MB/s,124 kB/s
2023-03-21 21:10:59,5.3 GB,6.3 GB,1.7 MB/s,136 kB/s
2023-03-21 21:11:00,5.3 GB,6.3 GB,1.6 MB/s,138 kB/s
2023-03-21 21:11:01,5.3 GB,6.3 GB,1.6 MB/s,126 kB/s
2023-03-21 21:11:02,5.3 GB,6.3 GB,1.4 MB/s,98 kB/s
2023-03-21 21:11:03,5.3 GB,6.3 GB,1.8 MB/s,114 kB/s
2023-03-21 21:11:04,5.3 GB,6.3 GB,1.8 MB/s,130 kB/s
2023-03-21 21:11:05,5.3 GB,6.3 GB,2.0 MB/s,145 kB/s
2023-03-21 21:11:06,5.3 GB,6.3 GB,2.1 MB/s,144 kB/s
2023-03-21 21:11:07,5.3 GB,6.3 GB,1.8 MB/s,124 kB/s
2023-03-21 21:11:08,5.3 GB,6.3 GB,2.0 MB/s,122 kB/s
2023-03-21 21:11:10,5.3 GB,6.3 GB,1.7 MB/s,119 kB/s
2023-03-21 21:11:11,5.3 GB,6.3 GB,1.8 MB/s,131 kB/s
2023-03-21 21:11:12,5.3 GB,6.3 GB,1.9 MB/s,125 kB/s
2023-03-21 21:11:13,5.4 GB,6.3 GB,2.0 MB/s,146 kB/s
2023-03-21 21:11:14,5.4 GB,6.3 GB,1.8 MB/s,141 kB/s
2023-03-21 21:11:15,5.4 GB,6.3 GB,1.7 MB/s,130 kB/s
2023-03-21 21:11:16,5.4 GB,6.3 GB,1.8 MB/s,166 kB/s
2023-03-21 21:11:17,5.4 GB,6.3 GB,1.6 MB/s,143 kB/s
2023-03-21 21:11:19,5.4 GB,6.3 GB,1.8 MB/s,155 kB/s
2023-03-21 21:11:20,5.4 GB,6.3 GB,1.8 MB/s,154 kB/s
2023-03-21 21:11:21,5.4 GB,6.3 GB,1.8 MB/s,152 kB/s
2023-03-21 21:11:22,5.4 GB,6.3 GB,1.8 MB/s,158 kB/s
2023-03-21 21:11:23,5.4 GB,6.3 GB,2.1 MB/s,184 kB/s
2023-03-21 21:11:24,5.4 GB,6.3 GB,1.7 MB/s,163 kB/s
2023-03-21 21:11:26,5.4 GB,6.3 GB,2.2 MB/s,193 kB/s
2023-03-21 21:11:27,5.4 GB,6.3 GB,2.1 MB/s,177 kB/s
2023-03-21 21:11:28,5.4 GB,6.3 GB,2.1 MB/s,170 kB/s
2023-03-21 21:11:29,5.4 GB,6.3 GB,2.0 MB/s,156 kB/s
2023-03-21 21:11:30,5.4 GB,6.3 GB,2.0 MB/s,171 kB/s
2023-03-21 21:11:31,5.4 GB,6.3 GB,2.1 MB/s,188 kB/s
2023-03-21 21:11:32,5.4 GB,6.3 GB,1.8 MB/s,149 kB/s
2023-03-21 21:11:34,5.4 GB,6.3 GB,1.6 MB/s,156 kB/s
2023-03-21 21:11:35,5.4 GB,6.3 GB,1.3 MB/s,120 kB/s
2023-03-21 21:11:36,5.4 GB,6.3 GB,1.4 MB/s,112 kB/s
2023-03-21 21:11:37,5.4 GB,6.3 GB,1.8 MB/s,132 kB/s
2023-03-21 21:11:38,5.4 GB,6.3 GB,1.8 MB/s,150 kB/s
2023-03-21 21:11:39,5.4 GB,6.3 GB,1.5 MB/s,122 kB/s
2023-03-21 21:11:41,5.4 GB,6.3 GB,2.0 MB/s,170 kB/s
2023-03-21 21:11:42,5.4 GB,6.3 GB,2.1 MB/s,180 kB/s
2023-03-21 21:11:43,5.4 GB,6.3 GB,1.6 MB/s,131 kB/s
2023-03-21 21:11:44,5.4 GB,6.3 GB,1.8 MB/s,170 kB/s
2023-03-21 21:11:45,5.4 GB,6.3 GB,2.0 MB/s,183 kB/s
2023-03-21 21:11:46,5.4 GB,6.3 GB,1.3 MB/s,107 kB/s
2023-03-21 21:11:48,5.4 GB,6.3 GB,2.1 MB/s,180 kB/s
2023-03-21 21:11:49,5.4 GB,6.3 GB,1.7 MB/s,150 kB/s
2023-03-21 21:11:50,5.4 GB,6.3 GB,2.2 MB/s,178 kB/s
2023-03-21 21:11:51,5.4 GB,6.3 GB,1.8 MB/s,137 kB/s
2023-03-21 21:11:52,5.4 GB,6.3 GB,2.3 MB/s,159 kB/s
2023-03-21 21:11:53,5.4 GB,6.3 GB,1.9 MB/s,127 kB/s
2023-03-21 21:11:55,5.4 GB,6.3 GB,2.2 MB/s,145 kB/s
2023-03-21 21:11:56,5.4 GB,6.3 GB,2.2 MB/s,160 kB/s
2023-03-21 21:11:57,5.4 GB,6.3 GB,1.8 MB/s,132 kB/s
2023-03-21 21:11:58,5.4 GB,6.3 GB,1.8 MB/s,125 kB/s
2023-03-21 21:11:59,5.4 GB,6.3 GB,2.2 MB/s,168 kB/s
2023-03-21 21:12:00,5.4 GB,6.3 GB,2.1 MB/s,149 kB/s
2023-03-21 21:12:02,5.4 GB,6.3 GB,2.0 MB/s,151 kB/s
2023-03-21 21:12:03,5.4 GB,6.3 GB,1.9 MB/s,149 kB/s
2023-03-21 21:12:04,5.4 GB,6.3 GB,1.6 MB/s,131 kB/s
2023-03-21 21:12:05,5.4 GB,6.3 GB,2.0 MB/s,153 kB/s
2023-03-21 21:12:06,5.4 GB,6.3 GB,2.0 MB/s,153 kB/s
2023-03-21 21:12:07,5.5 GB,6.3 GB,1.7 MB/s,125 kB/s
2023-03-21 21:12:09,5.5 GB,6.3 GB,2.0 MB/s,152 kB/s
2023-03-21 21:12:10,5.5 GB,6.3 GB,1.9 MB/s,155 kB/s
2023-03-21 21:12:11,5.5 GB,6.3 GB,1.7 MB/s,133 kB/s
2023-03-21 21:12:12,5.5 GB,6.3 GB,1.3 MB/s,98 kB/s
2023-03-21 21:12:13,5.5 GB,6.3 GB,1.8 MB/s,131 kB/s
2023-03-21 21:12:14,5.5 GB,6.3 GB,2.0 MB/s,149 kB/s
2023-03-21 21:12:15,5.5 GB,6.3 GB,1.5 MB/s,124 kB/s
2023-03-21 21:12:16,5.5 GB,6.3 GB,1.9 MB/s,186 kB/s
2023-03-21 21:12:18,5.5 GB,6.3 GB,1.6 MB/s,145 kB/s
2023-03-21 21:12:19,5.5 GB,6.3 GB,1.6 MB/s,140 kB/s
2023-03-21 21:12:20,5.5 GB,6.3 GB,1.8 MB/s,161 kB/s
2023-03-21 21:12:21,5.5 GB,6.3 GB,1.7 MB/s,149 kB/s
2023-03-21 21:12:22,5.5 GB,6.3 GB,1.6 MB/s,134 kB/s
2023-03-21 21:12:23,5.5 GB,6.3 GB,1.9 MB/s,152 kB/s
2023-03-21 21:12:25,5.5 GB,6.3 GB,1.5 MB/s,130 kB/s
2023-03-21 21:12:26,5.5 GB,6.3 GB,1.7 MB/s,158 kB/s
2023-03-21 21:12:27,5.5 GB,6.3 GB,1.8 MB/s,158 kB/s
2023-03-21 21:12:28,5.5 GB,6.3 GB,1.6 MB/s,148 kB/s
2023-03-21 21:12:29,5.5 GB,6.3 GB,1.7 MB/s,158 kB/s
2023-03-21 21:12:30,5.5 GB,6.3 GB,1.4 MB/s,138 kB/s
2023-03-21 21:12:31,5.5 GB,6.3 GB,1.3 MB/s,120 kB/s
2023-03-21 21:12:32,5.5 GB,6.3 GB,1.5 MB/s,126 kB/s
2023-03-21 21:12:33,5.5 GB,6.3 GB,1.4 MB/s,110 kB/s
2023-03-21 21:12:34,5.5 GB,6.3 GB,1.4 MB/s,116 kB/s
2023-03-21 21:12:36,5.5 GB,6.3 GB,1.9 MB/s,156 kB/s
2023-03-21 21:12:37,5.5 GB,6.3 GB,1.9 MB/s,152 kB/s
2023-03-21 21:12:38,5.5 GB,6.3 GB,1.8 MB/s,146 kB/s
2023-03-21 21:12:39,5.5 GB,6.3 GB,2.1 MB/s,152 kB/s
2023-03-21 21:12:40,5.5 GB,6.3 GB,1.7 MB/s,132 kB/s
2023-03-21 21:12:41,5.5 GB,6.3 GB,1.7 MB/s,129 kB/s
2023-03-21 21:12:42,5.5 GB,6.3 GB,1.6 MB/s,136 kB/s
2023-03-21 21:12:44,5.5 GB,6.3 GB,1.9 MB/s,157 kB/s
2023-03-21 21:12:45,5.5 GB,6.3 GB,1.2 MB/s,85 kB/s
2023-03-21 21:12:46,5.5 GB,6.3 GB,1.8 MB/s,139 kB/s
2023-03-21 21:12:47,5.5 GB,6.3 GB,2.0 MB/s,156 kB/s
2023-03-21 21:12:48,5.5 GB,6.3 GB,1.7 MB/s,123 kB/s
2023-03-21 21:12:49,5.5 GB,6.3 GB,1.5 MB/s,119 kB/s
2023-03-21 21:12:50,5.5 GB,6.3 GB,1.5 MB/s,120 kB/s
2023-03-21 21:12:52,5.5 GB,6.3 GB,1.4 MB/s,119 kB/s
2023-03-21 21:12:53,5.5 GB,6.3 GB,1.6 MB/s,126 kB/s
2023-03-21 21:12:54,5.5 GB,6.3 GB,1.7 MB/s,142 kB/s
2023-03-21 21:12:55,5.5 GB,6.3 GB,1.8 MB/s,146 kB/s
2023-03-21 21:12:56,5.5 GB,6.3 GB,1.7 MB/s,129 kB/s
2023-03-21 21:12:57,5.5 GB,6.3 GB,1.5 MB/s,118 kB/s
2023-03-21 21:12:58,5.5 GB,6.3 GB,1.3 MB/s,119 kB/s
2023-03-21 21:12:59,5.5 GB,6.3 GB,1.4 MB/s,109 kB/s
2023-03-21 21:13:00,5.5 GB,6.3 GB,1.4 MB/s,103 kB/s
2023-03-21 21:13:02,5.5 GB,6.3 GB,1.4 MB/s,102 kB/s
2023-03-21 21:13:03,5.5 GB,6.3 GB,1.3 MB/s,95 kB/s
2023-03-21 21:13:04,5.5 GB,6.3 GB,1.6 MB/s,143 kB/s
2023-03-21 21:13:05,5.5 GB,6.3 GB,2.0 MB/s,165 kB/s
2023-03-21 21:13:06,5.5 GB,6.3 GB,2.2 MB/s,154 kB/s
2023-03-21 21:13:07,5.6 GB,6.3 GB,2.0 MB/s,143 kB/s
2023-03-21 21:13:08,5.6 GB,6.3 GB,1.7 MB/s,130 kB/s
2023-03-21 21:13:09,5.6 GB,6.3 GB,1.8 MB/s,124 kB/s
2023-03-21 21:13:11,5.6 GB,6.3 GB,1.7 MB/s,127 kB/s
2023-03-21 21:13:12,5.6 GB,6.3 GB,1.7 MB/s,146 kB/s
2023-03-21 21:13:13,5.6 GB,6.3 GB,1.9 MB/s,137 kB/s
2023-03-21 21:13:14,5.6 GB,6.3 GB,1.7 MB/s,133 kB/s
2023-03-21 21:13:15,5.6 GB,6.3 GB,2.0 MB/s,161 kB/s
2023-03-21 21:13:16,5.6 GB,6.3 GB,1.7 MB/s,147 kB/s
2023-03-21 21:13:18,5.6 GB,6.3 GB,1.8 MB/s,155 kB/s
2023-03-21 21:13:19,5.6 GB,6.3 GB,1.8 MB/s,166 kB/s
2023-03-21 21:13:20,5.6 GB,6.3 GB,1.6 MB/s,137 kB/s
2023-03-21 21:13:21,5.6 GB,6.3 GB,1.8 MB/s,159 kB/s
2023-03-21 21:13:23,5.6 GB,6.3 GB,1.6 MB/s,118 kB/s
2023-03-21 21:13:24,5.6 GB,6.3 GB,1.4 MB/s,144 kB/s
2023-03-21 21:13:25,5.6 GB,6.3 GB,1.9 MB/s,153 kB/s
2023-03-21 21:13:26,5.6 GB,6.3 GB,1.7 MB/s,141 kB/s
2023-03-21 21:13:28,5.6 GB,6.3 GB,2.1 MB/s,176 kB/s
2023-03-21 21:13:29,5.6 GB,6.3 GB,1.8 MB/s,151 kB/s
2023-03-21 21:13:30,5.6 GB,6.3 GB,1.8 MB/s,168 kB/s
2023-03-21 21:13:31,5.6 GB,6.3 GB,1.9 MB/s,166 kB/s
2023-03-21 21:13:32,5.6 GB,6.3 GB,1.5 MB/s,127 kB/s
2023-03-21 21:13:33,5.6 GB,6.3 GB,1.9 MB/s,136 kB/s
2023-03-21 21:13:34,5.6 GB,6.3 GB,1.6 MB/s,105 kB/s
2023-03-21 21:13:36,5.6 GB,6.3 GB,1.4 MB/s,128 kB/s
2023-03-21 21:13:37,5.6 GB,6.3 GB,1.9 MB/s,167 kB/s
2023-03-21 21:13:38,5.6 GB,6.3 GB,1.5 MB/s,135 kB/s
2023-03-21 21:13:39,5.6 GB,6.3 GB,1.3 MB/s,112 kB/s
2023-03-21 21:13:40,5.6 GB,6.3 GB,1.2 MB/s,98 kB/s
2023-03-21 21:13:41,5.6 GB,6.3 GB,1.5 MB/s,112 kB/s
2023-03-21 21:13:42,5.6 GB,6.3 GB,1.5 MB/s,119 kB/s
2023-03-21 21:13:43,5.6 GB,6.3 GB,1.4 MB/s,120 kB/s
2023-03-21 21:13:44,5.6 GB,6.3 GB,2.0 MB/s,131 kB/s
2023-03-21 21:13:46,5.6 GB,6.3 GB,1.4 MB/s,106 kB/s
2023-03-21 21:13:47,5.6 GB,6.3 GB,1.7 MB/s,128 kB/s
2023-03-21 21:13:48,5.6 GB,6.3 GB,1.7 MB/s,138 kB/s
2023-03-21 21:13:49,5.6 GB,6.3 GB,1.4 MB/s,124 kB/s
2023-03-21 21:13:50,5.6 GB,6.3 GB,1.3 MB/s,119 kB/s
2023-03-21 21:13:51,5.6 GB,6.3 GB,1.3 MB/s,117 kB/s
2023-03-21 21:13:52,5.6 GB,6.3 GB,1.6 MB/s,131 kB/s
2023-03-21 21:13:54,5.6 GB,6.3 GB,1.8 MB/s,137 kB/s
2023-03-21 21:13:55,5.6 GB,6.3 GB,1.7 MB/s,147 kB/s
2023-03-21 21:13:56,5.6 GB,6.3 GB,1.9 MB/s,156 kB/s
2023-03-21 21:13:57,5.6 GB,6.3 GB,1.7 MB/s,139 kB/s
2023-03-21 21:13:58,5.6 GB,6.3 GB,1.7 MB/s,145 kB/s
2023-03-21 21:13:59,5.6 GB,6.3 GB,1.7 MB/s,144 kB/s
2023-03-21 21:14:00,5.6 GB,6.3 GB,1.8 MB/s,165 kB/s
2023-03-21 21:14:01,5.6 GB,6.3 GB,2.0 MB/s,172 kB/s
2023-03-21 21:14:03,5.6 GB,6.3 GB,1.8 MB/s,157 kB/s
2023-03-21 21:14:04,5.6 GB,6.3 GB,1.6 MB/s,132 kB/s
2023-03-21 21:14:05,5.6 GB,6.3 GB,1.7 MB/s,140 kB/s
2023-03-21 21:14:06,5.6 GB,6.3 GB,1.7 MB/s,143 kB/s
2023-03-21 21:14:07,5.7 GB,6.3 GB,1.6 MB/s,129 kB/s
2023-03-21 21:14:08,5.7 GB,6.3 GB,2.0 MB/s,170 kB/s
2023-03-21 21:14:10,5.7 GB,6.3 GB,1.9 MB/s,160 kB/s
2023-03-21 21:14:11,5.7 GB,6.3 GB,2.1 MB/s,175 kB/s
2023-03-21 21:14:12,5.7 GB,6.3 GB,2.2 MB/s,175 kB/s
2023-03-21 21:14:13,5.7 GB,6.3 GB,1.9 MB/s,154 kB/s
2023-03-21 21:14:14,5.7 GB,6.3 GB,2.0 MB/s,167 kB/s
2023-03-21 21:14:15,5.7 GB,6.3 GB,1.7 MB/s,147 kB/s
2023-03-21 21:14:16,5.7 GB,6.3 GB,1.6 MB/s,162 kB/s
2023-03-21 21:14:17,5.7 GB,6.3 GB,1.5 MB/s,153 kB/s
2023-03-21 21:14:18,5.7 GB,6.3 GB,1.4 MB/s,146 kB/s
2023-03-21 21:14:19,5.7 GB,6.3 GB,1.4 MB/s,136 kB/s
2023-03-21 21:14:20,5.7 GB,6.3 GB,1.7 MB/s,140 kB/s
2023-03-21 21:14:22,5.7 GB,6.3 GB,1.7 MB/s,139 kB/s
2023-03-21 21:14:23,5.7 GB,6.3 GB,1.6 MB/s,148 kB/s
2023-03-21 21:14:24,5.7 GB,6.3 GB,1.7 MB/s,149 kB/s
2023-03-21 21:14:25,5.7 GB,6.3 GB,1.7 MB/s,144 kB/s
2023-03-21 21:14:26,5.7 GB,6.3 GB,1.6 MB/s,139 kB/s
2023-03-21 21:14:27,5.7 GB,6.3 GB,1.9 MB/s,124 kB/s
2023-03-21 21:14:29,5.7 GB,6.3 GB,1.8 MB/s,119 kB/s
2023-03-21 21:14:30,5.7 GB,6.3 GB,1.3 MB/s,70 kB/s
2023-03-21 21:14:31,5.7 GB,6.3 GB,2.1 MB/s,181 kB/s
2023-03-21 21:14:32,5.7 GB,6.3 GB,2.1 MB/s,197 kB/s
2023-03-21 21:14:33,5.7 GB,6.3 GB,1.9 MB/s,168 kB/s
2023-03-21 21:14:34,5.7 GB,6.3 GB,1.7 MB/s,147 kB/s
2023-03-21 21:14:35,5.7 GB,6.3 GB,1.5 MB/s,134 kB/s
2023-03-21 21:14:37,5.7 GB,6.3 GB,1.9 MB/s,145 kB/s
2023-03-21 21:14:38,5.7 GB,6.3 GB,1.9 MB/s,148 kB/s
2023-03-21 21:14:39,5.7 GB,6.3 GB,1.6 MB/s,110 kB/s
2023-03-21 21:14:40,5.7 GB,6.3 GB,1.8 MB/s,153 kB/s
2023-03-21 21:14:41,5.7 GB,6.3 GB,2.0 MB/s,166 kB/s
2023-03-21 21:14:42,5.7 GB,6.3 GB,2.1 MB/s,173 kB/s
2023-03-21 21:14:44,5.7 GB,6.3 GB,2.2 MB/s,205 kB/s
2023-03-21 21:14:45,5.7 GB,6.3 GB,2.0 MB/s,169 kB/s
2023-03-21 21:14:46,5.7 GB,6.3 GB,2.3 MB/s,204 kB/s
2023-03-21 21:14:47,5.7 GB,6.3 GB,2.1 MB/s,198 kB/s
2023-03-21 21:14:48,5.7 GB,6.3 GB,1.8 MB/s,133 kB/s
2023-03-21 21:14:49,5.7 GB,6.3 GB,2.0 MB/s,176 kB/s
2023-03-21 21:14:51,5.7 GB,6.3 GB,2.0 MB/s,161 kB/s
2023-03-21 21:14:52,5.7 GB,6.3 GB,2.0 MB/s,151 kB/s
2023-03-21 21:14:53,5.7 GB,6.3 GB,2.0 MB/s,154 kB/s
2023-03-21 21:14:54,5.7 GB,6.3 GB,2.2 MB/s,170 kB/s
2023-03-21 21:14:55,5.7 GB,6.3 GB,1.8 MB/s,139 kB/s
2023-03-21 21:14:56,5.7 GB,6.3 GB,1.8 MB/s,132 kB/s
2023-03-21 21:14:57,5.7 GB,6.3 GB,2.0 MB/s,137 kB/s
2023-03-21 21:14:58,5.7 GB,6.3 GB,1.5 MB/s,102 kB/s
2023-03-21 21:14:59,5.7 GB,6.3 GB,2.2 MB/s,151 kB/s
2023-03-21 21:15:01,5.8 GB,6.3 GB,1.9 MB/s,140 kB/s
2023-03-21 21:15:02,5.8 GB,6.3 GB,1.8 MB/s,134 kB/s
2023-03-21 21:15:03,5.8 GB,6.3 GB,1.6 MB/s,122 kB/s
2023-03-21 21:15:04,5.8 GB,6.3 GB,724 kB/s,58 kB/s
2023-03-21 21:15:05,5.8 GB,6.3 GB,435 kB/s,38 kB/s
2023-03-21 21:15:06,5.8 GB,6.3 GB,1.6 MB/s,130 kB/s
2023-03-21 21:15:07,5.8 GB,6.3 GB,1.2 MB/s,103 kB/s
2023-03-21 21:15:09,5.8 GB,6.3 GB,1.5 MB/s,97 kB/s
2023-03-21 21:15:10,5.8 GB,6.3 GB,1.9 MB/s,135 kB/s
2023-03-21 21:15:11,5.8 GB,6.3 GB,1.2 MB/s,97 kB/s
2023-03-21 21:15:12,5.8 GB,6.3 GB,1.5 MB/s,112 kB/s
2023-03-21 21:15:13,5.8 GB,6.3 GB,1.9 MB/s,163 kB/s
2023-03-21 21:15:14,5.8 GB,6.3 GB,1.2 MB/s,96 kB/s
2023-03-21 21:15:16,5.8 GB,6.3 GB,1.5 MB/s,125 kB/s
2023-03-21 21:15:17,5.8 GB,6.3 GB,1.3 MB/s,117 kB/s
2023-03-21 21:15:18,5.8 GB,6.3 GB,1.5 MB/s,136 kB/s
2023-03-21 21:15:19,5.8 GB,6.3 GB,1.5 MB/s,143 kB/s
2023-03-21 21:15:20,5.8 GB,6.3 GB,1.5 MB/s,150 kB/s
2023-03-21 21:15:21,5.8 GB,6.3 GB,1.7 MB/s,158 kB/s
2023-03-21 21:15:22,5.8 GB,6.3 GB,1.5 MB/s,148 kB/s
2023-03-21 21:15:23,5.8 GB,6.3 GB,1.4 MB/s,127 kB/s
2023-03-21 21:15:24,5.8 GB,6.3 GB,1.4 MB/s,142 kB/s
2023-03-21 21:15:26,5.8 GB,6.3 GB,1.5 MB/s,125 kB/s
2023-03-21 21:15:27,5.8 GB,6.3 GB,1.9 MB/s,162 kB/s
2023-03-21 21:15:28,5.8 GB,6.3 GB,1.8 MB/s,163 kB/s
2023-03-21 21:15:29,5.8 GB,6.3 GB,1.7 MB/s,143 kB/s
2023-03-21 21:15:30,5.8 GB,6.3 GB,1.8 MB/s,165 kB/s
2023-03-21 21:15:31,5.8 GB,6.3 GB,1.5 MB/s,138 kB/s
2023-03-21 21:15:33,5.8 GB,6.3 GB,1.5 MB/s,144 kB/s
2023-03-21 21:15:34,5.8 GB,6.3 GB,1.4 MB/s,124 kB/s
2023-03-21 21:15:35,5.8 GB,6.3 GB,838 kB/s,87 kB/s
2023-03-21 21:15:36,5.8 GB,6.3 GB,1.2 MB/s,119 kB/s
2023-03-21 21:15:37,5.8 GB,6.3 GB,2.1 MB/s,178 kB/s
2023-03-21 21:15:38,5.8 GB,6.3 GB,1.5 MB/s,144 kB/s
2023-03-21 21:15:40,5.8 GB,6.3 GB,1.8 MB/s,178 kB/s
2023-03-21 21:15:41,5.8 GB,6.3 GB,1.6 MB/s,167 kB/s
2023-03-21 21:15:42,5.8 GB,6.3 GB,1.7 MB/s,169 kB/s
2023-03-21 21:15:43,5.8 GB,6.3 GB,1.5 MB/s,153 kB/s
2023-03-21 21:15:44,5.8 GB,6.3 GB,742 kB/s,82 kB/s
2023-03-21 21:15:45,5.8 GB,6.3 GB,1.4 MB/s,94 kB/s
2023-03-21 21:15:46,5.8 GB,6.3 GB,1.6 MB/s,132 kB/s
2023-03-21 21:15:48,5.8 GB,6.3 GB,2.0 MB/s,170 kB/s
2023-03-21 21:15:49,5.8 GB,6.3 GB,2.0 MB/s,164 kB/s
2023-03-21 21:15:50,5.8 GB,6.3 GB,1.8 MB/s,161 kB/s
2023-03-21 21:15:51,5.8 GB,6.3 GB,1.8 MB/s,150 kB/s
2023-03-21 21:15:52,5.8 GB,6.3 GB,1.7 MB/s,128 kB/s
2023-03-21 21:15:54,5.8 GB,6.3 GB,940 kB/s,79 kB/s
2023-03-21 21:15:55,5.8 GB,6.3 GB,1.4 MB/s,100 kB/s
2023-03-21 21:15:56,5.8 GB,6.3 GB,1.6 MB/s,112 kB/s
2023-03-21 21:15:57,5.8 GB,6.3 GB,1.2 MB/s,117 kB/s
2023-03-21 21:15:58,5.8 GB,6.3 GB,1.8 MB/s,151 kB/s
2023-03-21 21:15:59,5.8 GB,6.3 GB,1.4 MB/s,137 kB/s
2023-03-21 21:16:01,5.8 GB,6.3 GB,1.4 MB/s,122 kB/s
2023-03-21 21:16:02,5.8 GB,6.3 GB,1.7 MB/s,134 kB/s
2023-03-21 21:16:03,5.8 GB,6.3 GB,1.6 MB/s,120 kB/s
2023-03-21 21:16:04,5.8 GB,6.3 GB,1.5 MB/s,124 kB/s
2023-03-21 21:16:05,5.8 GB,6.3 GB,795 kB/s,74 kB/s
2023-03-21 21:16:06,5.8 GB,6.3 GB,1.4 MB/s,95 kB/s
2023-03-21 21:16:07,5.9 GB,6.3 GB,1.8 MB/s,126 kB/s
2023-03-21 21:16:08,5.9 GB,6.3 GB,2.1 MB/s,130 kB/s
2023-03-21 21:16:10,5.9 GB,6.3 GB,2.1 MB/s,145 kB/s
2023-03-21 21:16:11,5.9 GB,6.3 GB,1.9 MB/s,136 kB/s
2023-03-21 21:16:12,5.9 GB,6.3 GB,2.1 MB/s,150 kB/s
2023-03-21 21:16:13,5.9 GB,6.3 GB,2.2 MB/s,144 kB/s
2023-03-21 21:16:14,5.9 GB,6.3 GB,2.1 MB/s,125 kB/s
2023-03-21 21:16:15,5.9 GB,6.3 GB,2.1 MB/s,138 kB/s
2023-03-21 21:16:16,5.9 GB,6.3 GB,1.8 MB/s,160 kB/s
2023-03-21 21:16:17,5.9 GB,6.3 GB,1.7 MB/s,146 kB/s
2023-03-21 21:16:19,5.9 GB,6.3 GB,1.5 MB/s,132 kB/s
2023-03-21 21:16:20,5.9 GB,6.3 GB,1.5 MB/s,124 kB/s
2023-03-21 21:16:21,5.9 GB,6.3 GB,1.6 MB/s,147 kB/s
2023-03-21 21:16:22,5.9 GB,6.3 GB,1.5 MB/s,132 kB/s
2023-03-21 21:16:23,5.9 GB,6.3 GB,1.7 MB/s,132 kB/s
2023-03-21 21:16:24,5.9 GB,6.3 GB,631 kB/s,63 kB/s
2023-03-21 21:16:26,5.9 GB,6.3 GB,1.2 MB/s,94 kB/s
2023-03-21 21:16:27,5.9 GB,6.3 GB,1.6 MB/s,144 kB/s
2023-03-21 21:16:28,5.9 GB,6.3 GB,2.0 MB/s,170 kB/s
2023-03-21 21:16:29,5.9 GB,6.3 GB,1.7 MB/s,150 kB/s
2023-03-21 21:16:30,5.9 GB,6.3 GB,1.7 MB/s,150 kB/s
2023-03-21 21:16:31,5.9 GB,6.3 GB,1.7 MB/s,137 kB/s
2023-03-21 21:16:32,5.9 GB,6.3 GB,1.4 MB/s,112 kB/s
2023-03-21 21:16:33,5.9 GB,6.3 GB,1.6 MB/s,135 kB/s
2023-03-21 21:16:35,5.9 GB,6.3 GB,751 kB/s,73 kB/s
2023-03-21 21:16:36,5.9 GB,6.3 GB,1.2 MB/s,76 kB/s
2023-03-21 21:16:37,5.9 GB,6.3 GB,1.7 MB/s,127 kB/s
2023-03-21 21:16:38,5.9 GB,6.3 GB,1.4 MB/s,133 kB/s
2023-03-21 21:16:39,5.9 GB,6.3 GB,1.6 MB/s,138 kB/s
2023-03-21 21:16:40,5.9 GB,6.3 GB,1.4 MB/s,127 kB/s
2023-03-21 21:16:41,5.9 GB,6.3 GB,1.3 MB/s,106 kB/s
2023-03-21 21:16:42,5.9 GB,6.3 GB,1.6 MB/s,132 kB/s
2023-03-21 21:16:44,5.9 GB,6.3 GB,1.3 MB/s,118 kB/s
2023-03-21 21:16:45,5.9 GB,6.3 GB,901 kB/s,84 kB/s
2023-03-21 21:16:46,5.9 GB,6.3 GB,1.3 MB/s,106 kB/s
2023-03-21 21:16:47,5.9 GB,6.3 GB,1.4 MB/s,113 kB/s
2023-03-21 21:16:48,5.9 GB,6.3 GB,1.4 MB/s,146 kB/s
2023-03-21 21:16:49,5.9 GB,6.3 GB,1.7 MB/s,147 kB/s
2023-03-21 21:16:50,5.9 GB,6.3 GB,1.6 MB/s,145 kB/s
2023-03-21 21:16:52,5.9 GB,6.3 GB,1.3 MB/s,112 kB/s
2023-03-21 21:16:53,5.9 GB,6.3 GB,1.3 MB/s,107 kB/s
2023-03-21 21:16:54,5.9 GB,6.3 GB,1.3 MB/s,102 kB/s
2023-03-21 21:16:55,5.9 GB,6.3 GB,1.4 MB/s,128 kB/s
2023-03-21 21:16:56,5.9 GB,6.3 GB,1.8 MB/s,136 kB/s
2023-03-21 21:16:57,5.9 GB,6.3 GB,1.8 MB/s,146 kB/s
2023-03-21 21:16:59,5.9 GB,6.3 GB,1.5 MB/s,132 kB/s
2023-03-21 21:17:00,5.9 GB,6.3 GB,772 kB/s,63 kB/s
2023-03-21 21:17:01,5.9 GB,6.3 GB,1.2 MB/s,94 kB/s
