Original Link,Resolved CID,Number of Providers,List of Providers
ru.wikipedia-on-ipfs.org/wiki/Языки_Азии,bafkreier3vgdytbyamzfgtyykfuqvaxeclakr7ja374vff6ns36hvhksbm,4,"12D3KooWJXVWMbcxGh2jkPiw3pjZTmB78jSQja3ke7n6vQ1y2Jdi,12D3KooWCrBiagtZMzpZePCr1tfBbrZTh4BRQf7JurRqNMRi8YHF,12D3KooWRNijznEQoXrxBeNLb2TqbSFm8gG8jKtfEsbC1C9nPqce,12D3KooWHVXoJnv2ifmr9K6LWwJPXxkfvzZRHzjiTZMvybeTnwPy"
ru.wikipedia-on-ipfs.org/wiki/Marks_&_Spencer,bafkreidi3p7xaxq2gl2kd2otd2zrdwkn5id4crniaha2uo7urjdb6amipa,4,"12D3KooWJXVWMbcxGh2jkPiw3pjZTmB78jSQja3ke7n6vQ1y2Jdi,12D3KooWHVXoJnv2ifmr9K6LWwJPXxkfvzZRHzjiTZMvybeTnwPy,12D3KooWCrBiagtZMzpZePCr1tfBbrZTh4BRQf7JurRqNMRi8YHF,12D3KooWRNijznEQoXrxBeNLb2TqbSFm8gG8jKtfEsbC1C9nPqce"
ru.wikipedia-on-ipfs.org/wiki/Венецианский_залив,bafkreifpb24gplhq277eknqmaozhnlz2apkkxgqstx3zoabyjse2z4fmxi,5,"12D3KooWKhPb9tSnCqBswVfC5EPE7iSTXhbF4Ywwz2MKg5UCagbr,12D3KooWJXVWMbcxGh2jkPiw3pjZTmB78jSQja3ke7n6vQ1y2Jdi,12D3KooWCrBiagtZMzpZePCr1tfBbrZTh4BRQf7JurRqNMRi8YHF,12D3KooWRNijznEQoXrxBeNLb2TqbSFm8gG8jKtfEsbC1C9nPqce,12D3KooWHVXoJnv2ifmr9K6LWwJPXxkfvzZRHzjiTZMvybeTnwPy"
ru.wikipedia-on-ipfs.org/wiki/Награды_чемпионата_мира_ФИФА,bafkreiczlnyrcdfrkkhdisvzzxfieebxuov6kyddfcvuyl3rli62yfnwve,4,"12D3KooWJXVWMbcxGh2jkPiw3pjZTmB78jSQja3ke7n6vQ1y2Jdi,12D3KooWHVXoJnv2ifmr9K6LWwJPXxkfvzZRHzjiTZMvybeTnwPy,12D3KooWRNijznEQoXrxBeNLb2TqbSFm8gG8jKtfEsbC1C9nPqce,12D3KooWCrBiagtZMzpZePCr1tfBbrZTh4BRQf7JurRqNMRi8YHF"
ru.wikipedia-on-ipfs.org/wiki/Стефан_Неманя,bafkreig45dvgabt45uajzdmatgvx3tejtdmctpxsg44hgtvijncq654kcm,4,"12D3KooWJXVWMbcxGh2jkPiw3pjZTmB78jSQja3ke7n6vQ1y2Jdi,12D3KooWCrBiagtZMzpZePCr1tfBbrZTh4BRQf7JurRqNMRi8YHF,12D3KooWRNijznEQoXrxBeNLb2TqbSFm8gG8jKtfEsbC1C9nPqce,12D3KooWHVXoJnv2ifmr9K6LWwJPXxkfvzZRHzjiTZMvybeTnwPy"
ru.wikipedia-on-ipfs.org/wiki/Болезненный_половой_акт,bafkreig5usi3e64hkpdf7jabmoai3mfzdo5hfd2bcejxkqsucayxr6e2wy,4,"12D3KooWJXVWMbcxGh2jkPiw3pjZTmB78jSQja3ke7n6vQ1y2Jdi,12D3KooWCrBiagtZMzpZePCr1tfBbrZTh4BRQf7JurRqNMRi8YHF,12D3KooWRNijznEQoXrxBeNLb2TqbSFm8gG8jKtfEsbC1C9nPqce,12D3KooWHVXoJnv2ifmr9K6LWwJPXxkfvzZRHzjiTZMvybeTnwPy"
ru.wikipedia-on-ipfs.org/wiki/Радиопередатчик,bafkreieca67wvgbxcah5bwtfocv5h26n5m6wt3erxtshbddjfhyzh2brfe,4,"12D3KooWJXVWMbcxGh2jkPiw3pjZTmB78jSQja3ke7n6vQ1y2Jdi,12D3KooWHVXoJnv2ifmr9K6LWwJPXxkfvzZRHzjiTZMvybeTnwPy,12D3KooWCrBiagtZMzpZePCr1tfBbrZTh4BRQf7JurRqNMRi8YHF,12D3KooWRNijznEQoXrxBeNLb2TqbSFm8gG8jKtfEsbC1C9nPqce"
ru.wikipedia-on-ipfs.org/wiki/Гагаузы,bafkreiggvvjoigefrpcuf4uawy2i77o3jljxgy4k76gem2spwiuaozrbve,5,"12D3KooWQHS83N7ykf2pJMBSjsDMtyv5MrEukHdoiCJke2e6GjFf,12D3KooWJXVWMbcxGh2jkPiw3pjZTmB78jSQja3ke7n6vQ1y2Jdi,12D3KooWCrBiagtZMzpZePCr1tfBbrZTh4BRQf7JurRqNMRi8YHF,12D3KooWRNijznEQoXrxBeNLb2TqbSFm8gG8jKtfEsbC1C9nPqce,12D3KooWHVXoJnv2ifmr9K6LWwJPXxkfvzZRHzjiTZMvybeTnwPy"
ru.wikipedia-on-ipfs.org/wiki/Гражданская_война,bafkreidmz55cllx377uhq6tg445rkrcw74ktxsb2kpbezj7jcqsocduriy,4,"12D3KooWJXVWMbcxGh2jkPiw3pjZTmB78jSQja3ke7n6vQ1y2Jdi,12D3KooWCrBiagtZMzpZePCr1tfBbrZTh4BRQf7JurRqNMRi8YHF,12D3KooWHVXoJnv2ifmr9K6LWwJPXxkfvzZRHzjiTZMvybeTnwPy,12D3KooWRNijznEQoXrxBeNLb2TqbSFm8gG8jKtfEsbC1C9nPqce"
ru.wikipedia-on-ipfs.org/wiki/Гол_(футбол),bafkreiaj6m535sxgqf6av73srl5k4v7ggcr2fesrwlg76qakovd7ahgive,4,"12D3KooWJXVWMbcxGh2jkPiw3pjZTmB78jSQja3ke7n6vQ1y2Jdi,12D3KooWHVXoJnv2ifmr9K6LWwJPXxkfvzZRHzjiTZMvybeTnwPy,12D3KooWCrBiagtZMzpZePCr1tfBbrZTh4BRQf7JurRqNMRi8YHF,12D3KooWRNijznEQoXrxBeNLb2TqbSFm8gG8jKtfEsbC1C9nPqce"
ru.wikipedia-on-ipfs.org/wiki/Гражданский_брак,bafkreig6s6mwjitiy7jekjaact44kx5ash7jsbof324vvfqdsmkijpdvra,4,"12D3KooWJXVWMbcxGh2jkPiw3pjZTmB78jSQja3ke7n6vQ1y2Jdi,12D3KooWHVXoJnv2ifmr9K6LWwJPXxkfvzZRHzjiTZMvybeTnwPy,12D3KooWCrBiagtZMzpZePCr1tfBbrZTh4BRQf7JurRqNMRi8YHF,12D3KooWRNijznEQoXrxBeNLb2TqbSFm8gG8jKtfEsbC1C9nPqce"
ru.wikipedia-on-ipfs.org/wiki/Английское_право,bafkreihjxnigg6zxslm64wgnnyaicm6wn6hmqwf7o5q2llayl4pqukuccy,6,"12D3KooWJXVWMbcxGh2jkPiw3pjZTmB78jSQja3ke7n6vQ1y2Jdi,12D3KooWHVXoJnv2ifmr9K6LWwJPXxkfvzZRHzjiTZMvybeTnwPy,12D3KooWCrBiagtZMzpZePCr1tfBbrZTh4BRQf7JurRqNMRi8YHF,12D3KooWRNijznEQoXrxBeNLb2TqbSFm8gG8jKtfEsbC1C9nPqce,12D3KooWQHS83N7ykf2pJMBSjsDMtyv5MrEukHdoiCJke2e6GjFf,12D3KooWDpp7U7W9Q8feMZPPEpPP5FKXTUakLgnVLbavfjb9mzrT"
ru.wikipedia-on-ipfs.org/wiki/Русский_язык_в_Белоруссии,bafkreicrvcvpirhnry7w4h2znilb4lqktvzsbpnkz36rcg5loxtxxofcna,4,"12D3KooWJXVWMbcxGh2jkPiw3pjZTmB78jSQja3ke7n6vQ1y2Jdi,12D3KooWHVXoJnv2ifmr9K6LWwJPXxkfvzZRHzjiTZMvybeTnwPy,12D3KooWRNijznEQoXrxBeNLb2TqbSFm8gG8jKtfEsbC1C9nPqce,12D3KooWCrBiagtZMzpZePCr1tfBbrZTh4BRQf7JurRqNMRi8YHF"
"ru.wikipedia-on-ipfs.org/wiki/Касавин,_Илья_Теодорович",bafkreifjw7kmwk6kn7yivjbs67viypswrfjz5z34fgof47h4u3dtcm4vra,4,"12D3KooWJXVWMbcxGh2jkPiw3pjZTmB78jSQja3ke7n6vQ1y2Jdi,12D3KooWHVXoJnv2ifmr9K6LWwJPXxkfvzZRHzjiTZMvybeTnwPy,12D3KooWCrBiagtZMzpZePCr1tfBbrZTh4BRQf7JurRqNMRi8YHF,12D3KooWRNijznEQoXrxBeNLb2TqbSFm8gG8jKtfEsbC1C9nPqce"
ru.wikipedia-on-ipfs.org/wiki/Футбол_на_Олимпийских_играх,bafybeif5fth7li4ciiqk4cnrlj5pyapgka2th33hdt354ghefa6boc7x5m,5,"12D3KooWJXVWMbcxGh2jkPiw3pjZTmB78jSQja3ke7n6vQ1y2Jdi,12D3KooWCrBiagtZMzpZePCr1tfBbrZTh4BRQf7JurRqNMRi8YHF,12D3KooWRNijznEQoXrxBeNLb2TqbSFm8gG8jKtfEsbC1C9nPqce,12D3KooWHVXoJnv2ifmr9K6LWwJPXxkfvzZRHzjiTZMvybeTnwPy,12D3KooWQHS83N7ykf2pJMBSjsDMtyv5MrEukHdoiCJke2e6GjFf"
ru.wikipedia-on-ipfs.org/wiki/Война_во_Вьетнаме,bafybeiels2agfh3pn7lq7n5uovbhtpjf4npa6kti2y35yditnfefqkm7te,4,"12D3KooWRNijznEQoXrxBeNLb2TqbSFm8gG8jKtfEsbC1C9nPqce,12D3KooWJXVWMbcxGh2jkPiw3pjZTmB78jSQja3ke7n6vQ1y2Jdi,12D3KooWCrBiagtZMzpZePCr1tfBbrZTh4BRQf7JurRqNMRi8YHF,12D3KooWHVXoJnv2ifmr9K6LWwJPXxkfvzZRHzjiTZMvybeTnwPy"
ru.wikipedia-on-ipfs.org/wiki/Огурец_обыкновенный,bafkreihqjfhfm3fuhbi6i34vhjibd2c7ohhijzqfnie2tywhqisntb5j3q,4,"12D3KooWJXVWMbcxGh2jkPiw3pjZTmB78jSQja3ke7n6vQ1y2Jdi,12D3KooWHVXoJnv2ifmr9K6LWwJPXxkfvzZRHzjiTZMvybeTnwPy,12D3KooWRNijznEQoXrxBeNLb2TqbSFm8gG8jKtfEsbC1C9nPqce,12D3KooWCrBiagtZMzpZePCr1tfBbrZTh4BRQf7JurRqNMRi8YHF"
ru.wikipedia-on-ipfs.org/wiki/Прыжки_на_батуте,bafkreibkw7s7q25dqw34dlizj552xr6a5mamk3iiwmv7sjbuet2fm5us5e,4,"12D3KooWJXVWMbcxGh2jkPiw3pjZTmB78jSQja3ke7n6vQ1y2Jdi,12D3KooWCrBiagtZMzpZePCr1tfBbrZTh4BRQf7JurRqNMRi8YHF,12D3KooWHVXoJnv2ifmr9K6LWwJPXxkfvzZRHzjiTZMvybeTnwPy,12D3KooWRNijznEQoXrxBeNLb2TqbSFm8gG8jKtfEsbC1C9nPqce"
ru.wikipedia-on-ipfs.org/wiki/Звенигород_(Пустомытовский_район),bafkreihogezryosqtokosf5idianbsbhhgzzfk3xyqyhy24cahdljipt6i,4,"12D3KooWJXVWMbcxGh2jkPiw3pjZTmB78jSQja3ke7n6vQ1y2Jdi,12D3KooWCrBiagtZMzpZePCr1tfBbrZTh4BRQf7JurRqNMRi8YHF,12D3KooWHVXoJnv2ifmr9K6LWwJPXxkfvzZRHzjiTZMvybeTnwPy,12D3KooWRNijznEQoXrxBeNLb2TqbSFm8gG8jKtfEsbC1C9nPqce"
ru.wikipedia-on-ipfs.org/wiki/Остров_Бейкер,bafkreidwyt326ym3axqwetd3eo3vukvo2cnejycbbk4hagjunxjrnmx34m,4,"12D3KooWJXVWMbcxGh2jkPiw3pjZTmB78jSQja3ke7n6vQ1y2Jdi,12D3KooWCrBiagtZMzpZePCr1tfBbrZTh4BRQf7JurRqNMRi8YHF,12D3KooWHVXoJnv2ifmr9K6LWwJPXxkfvzZRHzjiTZMvybeTnwPy,12D3KooWRNijznEQoXrxBeNLb2TqbSFm8gG8jKtfEsbC1C9nPqce"
ru.wikipedia-on-ipfs.org/wiki/Совместные_учения_болгарских_и_советских_войск_в_июле_1958_года,bafkreih6sf2eeeham6do4jlbvcsa4oisqxcsuyuxuibai43iusjozq3xxe,4,"12D3KooWJXVWMbcxGh2jkPiw3pjZTmB78jSQja3ke7n6vQ1y2Jdi,12D3KooWCrBiagtZMzpZePCr1tfBbrZTh4BRQf7JurRqNMRi8YHF,12D3KooWHVXoJnv2ifmr9K6LWwJPXxkfvzZRHzjiTZMvybeTnwPy,12D3KooWRNijznEQoXrxBeNLb2TqbSFm8gG8jKtfEsbC1C9nPqce"
ru.wikipedia-on-ipfs.org/wiki/Миланский_эдикт,bafkreiauvhkuamxityjp3ntjd2kdnmemba7wyxqpo7zcpyskr3s34dgv64,4,"12D3KooWJXVWMbcxGh2jkPiw3pjZTmB78jSQja3ke7n6vQ1y2Jdi,12D3KooWHVXoJnv2ifmr9K6LWwJPXxkfvzZRHzjiTZMvybeTnwPy,12D3KooWCrBiagtZMzpZePCr1tfBbrZTh4BRQf7JurRqNMRi8YHF,12D3KooWRNijznEQoXrxBeNLb2TqbSFm8gG8jKtfEsbC1C9nPqce"
"ru.wikipedia-on-ipfs.org/wiki/Ломоносов,_Михаил_Васильевич",bafybeih6irqvekqewkfhikisweazzxh7meuwgqthb5hg4xjosyiqt3nsla,4,"12D3KooWJXVWMbcxGh2jkPiw3pjZTmB78jSQja3ke7n6vQ1y2Jdi,12D3KooWCrBiagtZMzpZePCr1tfBbrZTh4BRQf7JurRqNMRi8YHF,12D3KooWHVXoJnv2ifmr9K6LWwJPXxkfvzZRHzjiTZMvybeTnwPy,12D3KooWRNijznEQoXrxBeNLb2TqbSFm8gG8jKtfEsbC1C9nPqce"
ru.wikipedia-on-ipfs.org/wiki/Социальный_статус,bafkreigim3w2aexwpmdwaseyk4eefxva6nrrhnzohaoupjyvn3szpw3f4u,4,"12D3KooWJXVWMbcxGh2jkPiw3pjZTmB78jSQja3ke7n6vQ1y2Jdi,12D3KooWCrBiagtZMzpZePCr1tfBbrZTh4BRQf7JurRqNMRi8YHF,12D3KooWRNijznEQoXrxBeNLb2TqbSFm8gG8jKtfEsbC1C9nPqce,12D3KooWHVXoJnv2ifmr9K6LWwJPXxkfvzZRHzjiTZMvybeTnwPy"
ru.wikipedia-on-ipfs.org/wiki/Метод_граничного_элемента,bafkreifp6jn7vrfbrge4f3ffzuonx47ccjpyy4z2kkudrnsevwmcd5i5em,4,"12D3KooWJXVWMbcxGh2jkPiw3pjZTmB78jSQja3ke7n6vQ1y2Jdi,12D3KooWHVXoJnv2ifmr9K6LWwJPXxkfvzZRHzjiTZMvybeTnwPy,12D3KooWCrBiagtZMzpZePCr1tfBbrZTh4BRQf7JurRqNMRi8YHF,12D3KooWRNijznEQoXrxBeNLb2TqbSFm8gG8jKtfEsbC1C9nPqce"
ru.wikipedia-on-ipfs.org/wiki/Юридическая_фикция,bafkreie7hmbwzml3gg4cs4jl5lpnnblec45dq2ul6qhkuuxfpv564ja3fi,4,"12D3KooWJXVWMbcxGh2jkPiw3pjZTmB78jSQja3ke7n6vQ1y2Jdi,12D3KooWCrBiagtZMzpZePCr1tfBbrZTh4BRQf7JurRqNMRi8YHF,12D3KooWHVXoJnv2ifmr9K6LWwJPXxkfvzZRHzjiTZMvybeTnwPy,12D3KooWRNijznEQoXrxBeNLb2TqbSFm8gG8jKtfEsbC1C9nPqce"
ru.wikipedia-on-ipfs.org/wiki/Игры_Британской_империи_1950,bafkreicitcjt5usubaxiun3fmxmowyjqgjgc6dk2bguaucbmtgaukjjnom,4,"12D3KooWJXVWMbcxGh2jkPiw3pjZTmB78jSQja3ke7n6vQ1y2Jdi,12D3KooWCrBiagtZMzpZePCr1tfBbrZTh4BRQf7JurRqNMRi8YHF,12D3KooWHVXoJnv2ifmr9K6LWwJPXxkfvzZRHzjiTZMvybeTnwPy,12D3KooWRNijznEQoXrxBeNLb2TqbSFm8gG8jKtfEsbC1C9nPqce"
ru.wikipedia-on-ipfs.org/wiki/Синьцзян,bafkreiaoa6gxwht4geq33rxw2siik3sst7eqghjfqb72utdgyxszxpgatu,5,"12D3KooWKhPb9tSnCqBswVfC5EPE7iSTXhbF4Ywwz2MKg5UCagbr,12D3KooWJXVWMbcxGh2jkPiw3pjZTmB78jSQja3ke7n6vQ1y2Jdi,12D3KooWCrBiagtZMzpZePCr1tfBbrZTh4BRQf7JurRqNMRi8YHF,12D3KooWHVXoJnv2ifmr9K6LWwJPXxkfvzZRHzjiTZMvybeTnwPy,12D3KooWRNijznEQoXrxBeNLb2TqbSFm8gG8jKtfEsbC1C9nPqce"
ru.wikipedia-on-ipfs.org/wiki/Фигурное_катание_в_России,bafkreidbwgdi4vo3dobzcaarjyhhfjcslf5jv5vyinwsxxlwesqbru554m,4,"12D3KooWJXVWMbcxGh2jkPiw3pjZTmB78jSQja3ke7n6vQ1y2Jdi,12D3KooWCrBiagtZMzpZePCr1tfBbrZTh4BRQf7JurRqNMRi8YHF,12D3KooWHVXoJnv2ifmr9K6LWwJPXxkfvzZRHzjiTZMvybeTnwPy,12D3KooWRNijznEQoXrxBeNLb2TqbSFm8gG8jKtfEsbC1C9nPqce"
ru.wikipedia-on-ipfs.org/wiki/Гедонизм,bafkreibeum2vtvw5bzb7pff7wrsehthojgzk67wcwz2c7qqj6v3ghybq7m,4,"12D3KooWJXVWMbcxGh2jkPiw3pjZTmB78jSQja3ke7n6vQ1y2Jdi,12D3KooWCrBiagtZMzpZePCr1tfBbrZTh4BRQf7JurRqNMRi8YHF,12D3KooWHVXoJnv2ifmr9K6LWwJPXxkfvzZRHzjiTZMvybeTnwPy,12D3KooWRNijznEQoXrxBeNLb2TqbSFm8gG8jKtfEsbC1C9nPqce"
"ru.wikipedia-on-ipfs.org/wiki/Лужин,_Фёдор_Фёдорович",bafkreicod3twna5hwxvy3gq7eq6jq3snncprnfo6jea7o57jdiikjpbv44,4,"12D3KooWJXVWMbcxGh2jkPiw3pjZTmB78jSQja3ke7n6vQ1y2Jdi,12D3KooWCrBiagtZMzpZePCr1tfBbrZTh4BRQf7JurRqNMRi8YHF,12D3KooWHVXoJnv2ifmr9K6LWwJPXxkfvzZRHzjiTZMvybeTnwPy,12D3KooWRNijznEQoXrxBeNLb2TqbSFm8gG8jKtfEsbC1C9nPqce"
ru.wikipedia-on-ipfs.org/wiki/Ссылка_(запись),bafkreigweinm7sgaj3w63nrbfnub52jnjyw2qw4p6ydxpgj4yxeqrzdfka,4,"12D3KooWJXVWMbcxGh2jkPiw3pjZTmB78jSQja3ke7n6vQ1y2Jdi,12D3KooWHVXoJnv2ifmr9K6LWwJPXxkfvzZRHzjiTZMvybeTnwPy,12D3KooWRNijznEQoXrxBeNLb2TqbSFm8gG8jKtfEsbC1C9nPqce,12D3KooWCrBiagtZMzpZePCr1tfBbrZTh4BRQf7JurRqNMRi8YHF"
ru.wikipedia-on-ipfs.org/wiki/Теннис_на_Олимпийских_играх,bafkreihy2oezhrl55u3vcllb6annopb5bv24aacomqp75bozwdkelmpzxy,4,"12D3KooWJXVWMbcxGh2jkPiw3pjZTmB78jSQja3ke7n6vQ1y2Jdi,12D3KooWHVXoJnv2ifmr9K6LWwJPXxkfvzZRHzjiTZMvybeTnwPy,12D3KooWCrBiagtZMzpZePCr1tfBbrZTh4BRQf7JurRqNMRi8YHF,12D3KooWRNijznEQoXrxBeNLb2TqbSFm8gG8jKtfEsbC1C9nPqce"
ru.wikipedia-on-ipfs.org/wiki/Картография_в_Древней_Греции,bafkreieu7u6ndmwvmx5jyxkwcgi6cn6o2c7ajtkiy7sfq4et33al4hivgu,4,"12D3KooWJXVWMbcxGh2jkPiw3pjZTmB78jSQja3ke7n6vQ1y2Jdi,12D3KooWCrBiagtZMzpZePCr1tfBbrZTh4BRQf7JurRqNMRi8YHF,12D3KooWRNijznEQoXrxBeNLb2TqbSFm8gG8jKtfEsbC1C9nPqce,12D3KooWHVXoJnv2ifmr9K6LWwJPXxkfvzZRHzjiTZMvybeTnwPy"
"ru.wikipedia-on-ipfs.org/wiki/Родс,_Сесиль_Джон",bafkreia4nvtedl5otivkhnczhc4t4r3bxgvvoqtwmzdewwmjfb5se4f42e,6,"12D3KooWJXVWMbcxGh2jkPiw3pjZTmB78jSQja3ke7n6vQ1y2Jdi,12D3KooWHVXoJnv2ifmr9K6LWwJPXxkfvzZRHzjiTZMvybeTnwPy,12D3KooWCrBiagtZMzpZePCr1tfBbrZTh4BRQf7JurRqNMRi8YHF,12D3KooWRNijznEQoXrxBeNLb2TqbSFm8gG8jKtfEsbC1C9nPqce,12D3KooWQHS83N7ykf2pJMBSjsDMtyv5MrEukHdoiCJke2e6GjFf,12D3KooWDpp7U7W9Q8feMZPPEpPP5FKXTUakLgnVLbavfjb9mzrT"
ru.wikipedia-on-ipfs.org/wiki/Сборная_Аргентины_по_регби,bafkreif4v6t6jnys2tmlqsecrgfxagt5v5gbiupkmmts2sn6st5dbhhvui,0,","
"ru.wikipedia-on-ipfs.org/wiki/Хеберле,_Эрвин",bafkreied4pwdrnsnsy7qosm7zqf34pwwyio72zbvm6q2xc66vea6uib35u,4,"12D3KooWJXVWMbcxGh2jkPiw3pjZTmB78jSQja3ke7n6vQ1y2Jdi,12D3KooWCrBiagtZMzpZePCr1tfBbrZTh4BRQf7JurRqNMRi8YHF,12D3KooWHVXoJnv2ifmr9K6LWwJPXxkfvzZRHzjiTZMvybeTnwPy,12D3KooWRNijznEQoXrxBeNLb2TqbSFm8gG8jKtfEsbC1C9nPqce"
ru.wikipedia-on-ipfs.org/wiki/Венский_Диоскорид,bafkreihat4maw4k67otnbuqypf5lmlvzjg2dko26pufecelutsh6oqfpfi,4,"12D3KooWJXVWMbcxGh2jkPiw3pjZTmB78jSQja3ke7n6vQ1y2Jdi,12D3KooWCrBiagtZMzpZePCr1tfBbrZTh4BRQf7JurRqNMRi8YHF,12D3KooWHVXoJnv2ifmr9K6LWwJPXxkfvzZRHzjiTZMvybeTnwPy,12D3KooWRNijznEQoXrxBeNLb2TqbSFm8gG8jKtfEsbC1C9nPqce"
"ru.wikipedia-on-ipfs.org/wiki/Уилкс,_Чарлз",bafkreibnnpxo2v7khl7swrl3t7uu3idfxekdpvyuscmjioqqf4mwq5tca4,4,"12D3KooWJXVWMbcxGh2jkPiw3pjZTmB78jSQja3ke7n6vQ1y2Jdi,12D3KooWHVXoJnv2ifmr9K6LWwJPXxkfvzZRHzjiTZMvybeTnwPy,12D3KooWCrBiagtZMzpZePCr1tfBbrZTh4BRQf7JurRqNMRi8YHF,12D3KooWRNijznEQoXrxBeNLb2TqbSFm8gG8jKtfEsbC1C9nPqce"
ru.wikipedia-on-ipfs.org/wiki/История_Йемена,bafkreigpuwryo456etbv4usp4sgsrpc3v33wak6p37bpfbab2ztc5h25q4,4,"12D3KooWJXVWMbcxGh2jkPiw3pjZTmB78jSQja3ke7n6vQ1y2Jdi,12D3KooWCrBiagtZMzpZePCr1tfBbrZTh4BRQf7JurRqNMRi8YHF,12D3KooWHVXoJnv2ifmr9K6LWwJPXxkfvzZRHzjiTZMvybeTnwPy,12D3KooWRNijznEQoXrxBeNLb2TqbSFm8gG8jKtfEsbC1C9nPqce"
"ru.wikipedia-on-ipfs.org/wiki/Дильс,_Герман",bafkreihfb6tnaw237ghiuddwzbybummpkqagzeociy6jorujgczngzxrka,4,"12D3KooWJXVWMbcxGh2jkPiw3pjZTmB78jSQja3ke7n6vQ1y2Jdi,12D3KooWCrBiagtZMzpZePCr1tfBbrZTh4BRQf7JurRqNMRi8YHF,12D3KooWHVXoJnv2ifmr9K6LWwJPXxkfvzZRHzjiTZMvybeTnwPy,12D3KooWRNijznEQoXrxBeNLb2TqbSFm8gG8jKtfEsbC1C9nPqce"
ru.wikipedia-on-ipfs.org/wiki/Османская_Венгрия,bafkreiddnf7hscikacopd7cinc6uaebudtoi43opw3wvdskeq5jfzdmyoa,4,"12D3KooWJXVWMbcxGh2jkPiw3pjZTmB78jSQja3ke7n6vQ1y2Jdi,12D3KooWCrBiagtZMzpZePCr1tfBbrZTh4BRQf7JurRqNMRi8YHF,12D3KooWRNijznEQoXrxBeNLb2TqbSFm8gG8jKtfEsbC1C9nPqce,12D3KooWHVXoJnv2ifmr9K6LWwJPXxkfvzZRHzjiTZMvybeTnwPy"
ru.wikipedia-on-ipfs.org/wiki/Третий_мир,bafkreifk7dssrhjhdthzebfauawcfkn6wr7mnauzwtfukf6ilk4mgxygue,4,"12D3KooWJXVWMbcxGh2jkPiw3pjZTmB78jSQja3ke7n6vQ1y2Jdi,12D3KooWHVXoJnv2ifmr9K6LWwJPXxkfvzZRHzjiTZMvybeTnwPy,12D3KooWCrBiagtZMzpZePCr1tfBbrZTh4BRQf7JurRqNMRi8YHF,12D3KooWRNijznEQoXrxBeNLb2TqbSFm8gG8jKtfEsbC1C9nPqce"
ru.wikipedia-on-ipfs.org/wiki/Независимые_олимпийские_спортсмены_на_летних_Олимпийских_играх_2016,bafkreihplosaa3jtcnz3mvtxfwusjxwk6soj5apgt64i7uq4zgvmvcf47u,4,"12D3KooWJXVWMbcxGh2jkPiw3pjZTmB78jSQja3ke7n6vQ1y2Jdi,12D3KooWCrBiagtZMzpZePCr1tfBbrZTh4BRQf7JurRqNMRi8YHF,12D3KooWHVXoJnv2ifmr9K6LWwJPXxkfvzZRHzjiTZMvybeTnwPy,12D3KooWRNijznEQoXrxBeNLb2TqbSFm8gG8jKtfEsbC1C9nPqce"
ru.wikipedia-on-ipfs.org/wiki/Гипс,bafkreihtt7rs3rraqlm2fnklz7q3udw4znshdaoakbexvxslp4culwb34e,4,"12D3KooWJXVWMbcxGh2jkPiw3pjZTmB78jSQja3ke7n6vQ1y2Jdi,12D3KooWHVXoJnv2ifmr9K6LWwJPXxkfvzZRHzjiTZMvybeTnwPy,12D3KooWRNijznEQoXrxBeNLb2TqbSFm8gG8jKtfEsbC1C9nPqce,12D3KooWCrBiagtZMzpZePCr1tfBbrZTh4BRQf7JurRqNMRi8YHF"
ru.wikipedia-on-ipfs.org/wiki/Живая_сила_(физика),bafkreidozhcu3rlfxwcuhjyt2xigcqonioikfzyvrjfuv66sxz7szy6sja,4,"12D3KooWJXVWMbcxGh2jkPiw3pjZTmB78jSQja3ke7n6vQ1y2Jdi,12D3KooWRNijznEQoXrxBeNLb2TqbSFm8gG8jKtfEsbC1C9nPqce,12D3KooWCrBiagtZMzpZePCr1tfBbrZTh4BRQf7JurRqNMRi8YHF,12D3KooWHVXoJnv2ifmr9K6LWwJPXxkfvzZRHzjiTZMvybeTnwPy"
ru.wikipedia-on-ipfs.org/wiki/Магнитное_поле,bafkreig5otxrdibzspofyw3szmp3azbphnj3kocwsgtvsqbxqn646p4v2i,4,"12D3KooWJXVWMbcxGh2jkPiw3pjZTmB78jSQja3ke7n6vQ1y2Jdi,12D3KooWHVXoJnv2ifmr9K6LWwJPXxkfvzZRHzjiTZMvybeTnwPy,12D3KooWCrBiagtZMzpZePCr1tfBbrZTh4BRQf7JurRqNMRi8YHF,12D3KooWRNijznEQoXrxBeNLb2TqbSFm8gG8jKtfEsbC1C9nPqce"
ru.wikipedia-on-ipfs.org/wiki/Адамиты,bafkreihbyina2jdzc3wqrxn7qrwv5wn3bvk34isgdlmlnfoyqk4d4cpa7a,4,"12D3KooWJXVWMbcxGh2jkPiw3pjZTmB78jSQja3ke7n6vQ1y2Jdi,12D3KooWCrBiagtZMzpZePCr1tfBbrZTh4BRQf7JurRqNMRi8YHF,12D3KooWRNijznEQoXrxBeNLb2TqbSFm8gG8jKtfEsbC1C9nPqce,12D3KooWHVXoJnv2ifmr9K6LWwJPXxkfvzZRHzjiTZMvybeTnwPy"
ru.wikipedia-on-ipfs.org/wiki/Библия,bafybeiblz6w6vmitxmkzb7g4rdoku6zsmbamnrsjwhlmm5sswczuf7ghnu,5,"12D3KooWHpE5KiQTkqbn8KbU88ZxwJxYJFaqP4mp9Z9bhNPhym9V,12D3KooWJXVWMbcxGh2jkPiw3pjZTmB78jSQja3ke7n6vQ1y2Jdi,12D3KooWHVXoJnv2ifmr9K6LWwJPXxkfvzZRHzjiTZMvybeTnwPy,12D3KooWCrBiagtZMzpZePCr1tfBbrZTh4BRQf7JurRqNMRi8YHF,12D3KooWRNijznEQoXrxBeNLb2TqbSFm8gG8jKtfEsbC1C9nPqce"
ru.wikipedia-on-ipfs.org/wiki/Ночное_зрение,bafkreiapmctbhae4k53t6rucupxq4dhwjmf7zb443jxrtpevglylkb4sbe,4,"12D3KooWRNijznEQoXrxBeNLb2TqbSFm8gG8jKtfEsbC1C9nPqce,12D3KooWJXVWMbcxGh2jkPiw3pjZTmB78jSQja3ke7n6vQ1y2Jdi,12D3KooWHVXoJnv2ifmr9K6LWwJPXxkfvzZRHzjiTZMvybeTnwPy,12D3KooWCrBiagtZMzpZePCr1tfBbrZTh4BRQf7JurRqNMRi8YHF"
ru.wikipedia-on-ipfs.org/wiki/Лилонгве,bafkreibbrw37gronijnttwjr3xiovdem3xvxkeukepe6iff3ucdg5tg3sm,4,"12D3KooWJXVWMbcxGh2jkPiw3pjZTmB78jSQja3ke7n6vQ1y2Jdi,12D3KooWHVXoJnv2ifmr9K6LWwJPXxkfvzZRHzjiTZMvybeTnwPy,12D3KooWCrBiagtZMzpZePCr1tfBbrZTh4BRQf7JurRqNMRi8YHF,12D3KooWRNijznEQoXrxBeNLb2TqbSFm8gG8jKtfEsbC1C9nPqce"
"ru.wikipedia-on-ipfs.org/wiki/Хосроев,_Александр_Леонович",bafkreigrh3mjkvlotng2myo2fg74q4ahgby7bihmbb6bypxqoclltfnh6m,4,"12D3KooWJXVWMbcxGh2jkPiw3pjZTmB78jSQja3ke7n6vQ1y2Jdi,12D3KooWCrBiagtZMzpZePCr1tfBbrZTh4BRQf7JurRqNMRi8YHF,12D3KooWHVXoJnv2ifmr9K6LWwJPXxkfvzZRHzjiTZMvybeTnwPy,12D3KooWRNijznEQoXrxBeNLb2TqbSFm8gG8jKtfEsbC1C9nPqce"
ru.wikipedia-on-ipfs.org/wiki/Чужой_против_Хищника,bafkreidi5tx3mcqpcbogmv7mw7u2ah533hoh353l5lys6moqg7v6bwmooa,5,"12D3KooWAdxvJCV5KXZ6zveTJmnYGrSzAKuLUKZYkZssLk7UKv4i,12D3KooWJXVWMbcxGh2jkPiw3pjZTmB78jSQja3ke7n6vQ1y2Jdi,12D3KooWHVXoJnv2ifmr9K6LWwJPXxkfvzZRHzjiTZMvybeTnwPy,12D3KooWCrBiagtZMzpZePCr1tfBbrZTh4BRQf7JurRqNMRi8YHF,12D3KooWRNijznEQoXrxBeNLb2TqbSFm8gG8jKtfEsbC1C9nPqce"
ru.wikipedia-on-ipfs.org/wiki/Международная_мотоциклетная_федерация,bafkreigmcojwrrrp7diqtynlhtph2nzpew5rldhajv2pwazw4nbhym7z54,4,"12D3KooWJXVWMbcxGh2jkPiw3pjZTmB78jSQja3ke7n6vQ1y2Jdi,12D3KooWCrBiagtZMzpZePCr1tfBbrZTh4BRQf7JurRqNMRi8YHF,12D3KooWHVXoJnv2ifmr9K6LWwJPXxkfvzZRHzjiTZMvybeTnwPy,12D3KooWRNijznEQoXrxBeNLb2TqbSFm8gG8jKtfEsbC1C9nPqce"
ru.wikipedia-on-ipfs.org/wiki/Вагон-цистерна,bafkreighnn46vzimmx6o5vatdxhahlmqeuw6wf6qmauz2yc34luaswek2a,4,"12D3KooWJXVWMbcxGh2jkPiw3pjZTmB78jSQja3ke7n6vQ1y2Jdi,12D3KooWHVXoJnv2ifmr9K6LWwJPXxkfvzZRHzjiTZMvybeTnwPy,12D3KooWCrBiagtZMzpZePCr1tfBbrZTh4BRQf7JurRqNMRi8YHF,12D3KooWRNijznEQoXrxBeNLb2TqbSFm8gG8jKtfEsbC1C9nPqce"
"ru.wikipedia-on-ipfs.org/wiki/Реклю,_Элизе",bafkreia5p2a624bwwscuo5ub7fcxoaqp5kmsdhhd56peftctyh3iuivp6i,4,"12D3KooWJXVWMbcxGh2jkPiw3pjZTmB78jSQja3ke7n6vQ1y2Jdi,12D3KooWHVXoJnv2ifmr9K6LWwJPXxkfvzZRHzjiTZMvybeTnwPy,12D3KooWRNijznEQoXrxBeNLb2TqbSFm8gG8jKtfEsbC1C9nPqce,12D3KooWCrBiagtZMzpZePCr1tfBbrZTh4BRQf7JurRqNMRi8YHF"
ru.wikipedia-on-ipfs.org/wiki/Ребёнок,bafkreidte4ihxcj6c3gpajm3blemqikiqi4pkzrtrjhsadrao3aolzxzjq,4,"12D3KooWJXVWMbcxGh2jkPiw3pjZTmB78jSQja3ke7n6vQ1y2Jdi,12D3KooWHVXoJnv2ifmr9K6LWwJPXxkfvzZRHzjiTZMvybeTnwPy,12D3KooWCrBiagtZMzpZePCr1tfBbrZTh4BRQf7JurRqNMRi8YHF,12D3KooWRNijznEQoXrxBeNLb2TqbSFm8gG8jKtfEsbC1C9nPqce"
ru.wikipedia-on-ipfs.org/wiki/Набонид,bafkreigkuw3l3fbufq3es7tw6n7ywrk2ev4tub27iseegnhangnwtycbhy,4,"12D3KooWJXVWMbcxGh2jkPiw3pjZTmB78jSQja3ke7n6vQ1y2Jdi,12D3KooWCrBiagtZMzpZePCr1tfBbrZTh4BRQf7JurRqNMRi8YHF,12D3KooWHVXoJnv2ifmr9K6LWwJPXxkfvzZRHzjiTZMvybeTnwPy,12D3KooWRNijznEQoXrxBeNLb2TqbSFm8gG8jKtfEsbC1C9nPqce"
ru.wikipedia-on-ipfs.org/wiki/Род_смерти,bafkreieuxvdn7za72su2ub6uoi2lkjdcgnz4c55h7pxi6epx57nrai6hmi,4,"12D3KooWJXVWMbcxGh2jkPiw3pjZTmB78jSQja3ke7n6vQ1y2Jdi,12D3KooWCrBiagtZMzpZePCr1tfBbrZTh4BRQf7JurRqNMRi8YHF,12D3KooWRNijznEQoXrxBeNLb2TqbSFm8gG8jKtfEsbC1C9nPqce,12D3KooWHVXoJnv2ifmr9K6LWwJPXxkfvzZRHzjiTZMvybeTnwPy"
ru.wikipedia-on-ipfs.org/wiki/Версальский_дворец,bafkreigbtkb7izx7nnd2wyre535vadfu4qojfxazy3hfxaw7iuawk7f3wa,5,"12D3KooWJXVWMbcxGh2jkPiw3pjZTmB78jSQja3ke7n6vQ1y2Jdi,12D3KooWHVXoJnv2ifmr9K6LWwJPXxkfvzZRHzjiTZMvybeTnwPy,12D3KooWCrBiagtZMzpZePCr1tfBbrZTh4BRQf7JurRqNMRi8YHF,12D3KooWRNijznEQoXrxBeNLb2TqbSFm8gG8jKtfEsbC1C9nPqce,12D3KooWGZnDDPptgtQ7xKjqt6T583jzEEXL3PE2iikRXZqLBEWV"
ru.wikipedia-on-ipfs.org/wiki/Квинт_Энний,bafkreigjxgkbo4unm3vpieeipnlznqgtmtpsxfv5zynq6vaosafnvdf65q,4,"12D3KooWJXVWMbcxGh2jkPiw3pjZTmB78jSQja3ke7n6vQ1y2Jdi,12D3KooWCrBiagtZMzpZePCr1tfBbrZTh4BRQf7JurRqNMRi8YHF,12D3KooWRNijznEQoXrxBeNLb2TqbSFm8gG8jKtfEsbC1C9nPqce,12D3KooWHVXoJnv2ifmr9K6LWwJPXxkfvzZRHzjiTZMvybeTnwPy"
ru.wikipedia-on-ipfs.org/wiki/Рамсес_VI,bafkreibz4trebv3ggvnvc36hxrnnflfpyxnvy4tjdsfuk5bzxtwzstcgnm,4,"12D3KooWJXVWMbcxGh2jkPiw3pjZTmB78jSQja3ke7n6vQ1y2Jdi,12D3KooWCrBiagtZMzpZePCr1tfBbrZTh4BRQf7JurRqNMRi8YHF,12D3KooWRNijznEQoXrxBeNLb2TqbSFm8gG8jKtfEsbC1C9nPqce,12D3KooWHVXoJnv2ifmr9K6LWwJPXxkfvzZRHzjiTZMvybeTnwPy"
"ru.wikipedia-on-ipfs.org/wiki/Малюс,_Этьенн_Луи",bafkreie6b6jw62yvz5xshw5pzpwo5io5rok3m77ksf7sc374jxn5sjqjsa,4,"12D3KooWJXVWMbcxGh2jkPiw3pjZTmB78jSQja3ke7n6vQ1y2Jdi,12D3KooWCrBiagtZMzpZePCr1tfBbrZTh4BRQf7JurRqNMRi8YHF,12D3KooWRNijznEQoXrxBeNLb2TqbSFm8gG8jKtfEsbC1C9nPqce,12D3KooWHVXoJnv2ifmr9K6LWwJPXxkfvzZRHzjiTZMvybeTnwPy"
ru.wikipedia-on-ipfs.org/wiki/Давление,bafkreibbwgiioalqi74lnmebplojlcnwtyvrgvudqidxymn7dmpbmehyqy,4,"12D3KooWJXVWMbcxGh2jkPiw3pjZTmB78jSQja3ke7n6vQ1y2Jdi,12D3KooWRNijznEQoXrxBeNLb2TqbSFm8gG8jKtfEsbC1C9nPqce,12D3KooWCrBiagtZMzpZePCr1tfBbrZTh4BRQf7JurRqNMRi8YHF,12D3KooWHVXoJnv2ifmr9K6LWwJPXxkfvzZRHzjiTZMvybeTnwPy"
ru.wikipedia-on-ipfs.org/wiki/Флешка,bafkreiglqdhi2cfpvcokdl73ales54n7fzbvys35nzcydz4qs2623xqgze,4,"12D3KooWRNijznEQoXrxBeNLb2TqbSFm8gG8jKtfEsbC1C9nPqce,12D3KooWJXVWMbcxGh2jkPiw3pjZTmB78jSQja3ke7n6vQ1y2Jdi,12D3KooWHVXoJnv2ifmr9K6LWwJPXxkfvzZRHzjiTZMvybeTnwPy,12D3KooWCrBiagtZMzpZePCr1tfBbrZTh4BRQf7JurRqNMRi8YHF"
"ru.wikipedia-on-ipfs.org/wiki/Исаков,_Владимир_Борисович",bafkreiflzjsi7ef6dox6grwpcleix3ovsackvqmyy7sus3l7q2rtkc5xr4,4,"12D3KooWJXVWMbcxGh2jkPiw3pjZTmB78jSQja3ke7n6vQ1y2Jdi,12D3KooWCrBiagtZMzpZePCr1tfBbrZTh4BRQf7JurRqNMRi8YHF,12D3KooWRNijznEQoXrxBeNLb2TqbSFm8gG8jKtfEsbC1C9nPqce,12D3KooWHVXoJnv2ifmr9K6LWwJPXxkfvzZRHzjiTZMvybeTnwPy"
ru.wikipedia-on-ipfs.org/wiki/Железная_дорога_Стоктон_—_Дарлингтон,bafkreidn3a53eadenxduf5z26usbunchb3yulwuyktgw3x6bim4u4vhax4,4,"12D3KooWJXVWMbcxGh2jkPiw3pjZTmB78jSQja3ke7n6vQ1y2Jdi,12D3KooWCrBiagtZMzpZePCr1tfBbrZTh4BRQf7JurRqNMRi8YHF,12D3KooWRNijznEQoXrxBeNLb2TqbSFm8gG8jKtfEsbC1C9nPqce,12D3KooWHVXoJnv2ifmr9K6LWwJPXxkfvzZRHzjiTZMvybeTnwPy"
ru.wikipedia-on-ipfs.org/wiki/Владимир-Волынская_и_Ковельская_епархия,bafkreiegd2wqhzu7gs6tqsnpu4cpuaxygwon2pgthq5krpkwpdolnsppgi,4,"12D3KooWJXVWMbcxGh2jkPiw3pjZTmB78jSQja3ke7n6vQ1y2Jdi,12D3KooWHVXoJnv2ifmr9K6LWwJPXxkfvzZRHzjiTZMvybeTnwPy,12D3KooWCrBiagtZMzpZePCr1tfBbrZTh4BRQf7JurRqNMRi8YHF,12D3KooWRNijznEQoXrxBeNLb2TqbSFm8gG8jKtfEsbC1C9nPqce"
ru.wikipedia-on-ipfs.org/wiki/Вода,bafybeiennfxaiyb75bwhpkaclsusnrtpkfuerjxnicuhlv6vfs5gysihhm,4,"12D3KooWJXVWMbcxGh2jkPiw3pjZTmB78jSQja3ke7n6vQ1y2Jdi,12D3KooWHVXoJnv2ifmr9K6LWwJPXxkfvzZRHzjiTZMvybeTnwPy,12D3KooWCrBiagtZMzpZePCr1tfBbrZTh4BRQf7JurRqNMRi8YHF,12D3KooWRNijznEQoXrxBeNLb2TqbSFm8gG8jKtfEsbC1C9nPqce"
ru.wikipedia-on-ipfs.org/wiki/Сейшельские_острова,bafkreib5apc7coqdimrrq25hb7ws6a67qbs4mjitaiap6nymc6vztrvici,4,"12D3KooWJXVWMbcxGh2jkPiw3pjZTmB78jSQja3ke7n6vQ1y2Jdi,12D3KooWHVXoJnv2ifmr9K6LWwJPXxkfvzZRHzjiTZMvybeTnwPy,12D3KooWCrBiagtZMzpZePCr1tfBbrZTh4BRQf7JurRqNMRi8YHF,12D3KooWRNijznEQoXrxBeNLb2TqbSFm8gG8jKtfEsbC1C9nPqce"
ru.wikipedia-on-ipfs.org/wiki/Антарктические_оазисы,bafkreigp3m4vykrwt3xw47ttuwat2iqmk5kinj4y3soxh6b757faubg2zm,4,"12D3KooWJXVWMbcxGh2jkPiw3pjZTmB78jSQja3ke7n6vQ1y2Jdi,12D3KooWHVXoJnv2ifmr9K6LWwJPXxkfvzZRHzjiTZMvybeTnwPy,12D3KooWCrBiagtZMzpZePCr1tfBbrZTh4BRQf7JurRqNMRi8YHF,12D3KooWRNijznEQoXrxBeNLb2TqbSFm8gG8jKtfEsbC1C9nPqce"
ru.wikipedia-on-ipfs.org/wiki/Банджарская_Википедия,bafkreiabpgfe7fhrmwfk5ud76clskeqlkhomij6h6ervpuusyuevl3ez4e,4,"12D3KooWJXVWMbcxGh2jkPiw3pjZTmB78jSQja3ke7n6vQ1y2Jdi,12D3KooWCrBiagtZMzpZePCr1tfBbrZTh4BRQf7JurRqNMRi8YHF,12D3KooWRNijznEQoXrxBeNLb2TqbSFm8gG8jKtfEsbC1C9nPqce,12D3KooWHVXoJnv2ifmr9K6LWwJPXxkfvzZRHzjiTZMvybeTnwPy"
ru.wikipedia-on-ipfs.org/wiki/Живописец_(значения),bafkreiamh2fb7jl775a7ijhydjrrw63iqvy3uiel3ivfokw2kpf34ajvb4,4,"12D3KooWJXVWMbcxGh2jkPiw3pjZTmB78jSQja3ke7n6vQ1y2Jdi,12D3KooWCrBiagtZMzpZePCr1tfBbrZTh4BRQf7JurRqNMRi8YHF,12D3KooWRNijznEQoXrxBeNLb2TqbSFm8gG8jKtfEsbC1C9nPqce,12D3KooWHVXoJnv2ifmr9K6LWwJPXxkfvzZRHzjiTZMvybeTnwPy"
ru.wikipedia-on-ipfs.org/wiki/Поздняя_Римская_республика,bafkreigsaywzh26gw2ldrlmfts3w4dtdozm377kf2jmxlt5iupeyqnjali,4,"12D3KooWJXVWMbcxGh2jkPiw3pjZTmB78jSQja3ke7n6vQ1y2Jdi,12D3KooWHVXoJnv2ifmr9K6LWwJPXxkfvzZRHzjiTZMvybeTnwPy,12D3KooWCrBiagtZMzpZePCr1tfBbrZTh4BRQf7JurRqNMRi8YHF,12D3KooWRNijznEQoXrxBeNLb2TqbSFm8gG8jKtfEsbC1C9nPqce"
ru.wikipedia-on-ipfs.org/wiki/Челюстно-лицевая_хирургия,bafkreieuhpo7qshzfzyv5taxk3hdgfscsmbvcqn7mql6as6ejpz5wv2u4y,4,"12D3KooWJXVWMbcxGh2jkPiw3pjZTmB78jSQja3ke7n6vQ1y2Jdi,12D3KooWHVXoJnv2ifmr9K6LWwJPXxkfvzZRHzjiTZMvybeTnwPy,12D3KooWCrBiagtZMzpZePCr1tfBbrZTh4BRQf7JurRqNMRi8YHF,12D3KooWRNijznEQoXrxBeNLb2TqbSFm8gG8jKtfEsbC1C9nPqce"
ru.wikipedia-on-ipfs.org/wiki/Юрий_Алексеевич_Гагарин,bafkreidqjfsnxur5qoeeu5znspxlq7dibbfg3ms6bjyf6njtc57yb4pihi,4,"12D3KooWJXVWMbcxGh2jkPiw3pjZTmB78jSQja3ke7n6vQ1y2Jdi,12D3KooWHVXoJnv2ifmr9K6LWwJPXxkfvzZRHzjiTZMvybeTnwPy,12D3KooWCrBiagtZMzpZePCr1tfBbrZTh4BRQf7JurRqNMRi8YHF,12D3KooWRNijznEQoXrxBeNLb2TqbSFm8gG8jKtfEsbC1C9nPqce"
ru.wikipedia-on-ipfs.org/wiki/Джафар_(султан_Негери-Сембилана),bafkreidfgp3wcdij2du7fr7nqbjt4je6owlg2h6unkcj7mu4zckr2iizfm,4,"12D3KooWJXVWMbcxGh2jkPiw3pjZTmB78jSQja3ke7n6vQ1y2Jdi,12D3KooWHVXoJnv2ifmr9K6LWwJPXxkfvzZRHzjiTZMvybeTnwPy,12D3KooWCrBiagtZMzpZePCr1tfBbrZTh4BRQf7JurRqNMRi8YHF,12D3KooWRNijznEQoXrxBeNLb2TqbSFm8gG8jKtfEsbC1C9nPqce"
ru.wikipedia-on-ipfs.org/wiki/Фильмокопия,bafkreibrec7u2lqvby4ewqvsbf7zwra7ktnsxppobn3psqxpz6kjxn7egu,5,"12D3KooWJXVWMbcxGh2jkPiw3pjZTmB78jSQja3ke7n6vQ1y2Jdi,12D3KooWCrBiagtZMzpZePCr1tfBbrZTh4BRQf7JurRqNMRi8YHF,12D3KooWHVXoJnv2ifmr9K6LWwJPXxkfvzZRHzjiTZMvybeTnwPy,12D3KooWRNijznEQoXrxBeNLb2TqbSFm8gG8jKtfEsbC1C9nPqce,12D3KooWQHS83N7ykf2pJMBSjsDMtyv5MrEukHdoiCJke2e6GjFf"
ru.wikipedia-on-ipfs.org/wiki/Университет_Мичигана,bafkreihbi3kplyvmc4j7s26sbqc75kpldfk37xib5i4bjckktd2g3e7x6e,4,"12D3KooWJXVWMbcxGh2jkPiw3pjZTmB78jSQja3ke7n6vQ1y2Jdi,12D3KooWCrBiagtZMzpZePCr1tfBbrZTh4BRQf7JurRqNMRi8YHF,12D3KooWHVXoJnv2ifmr9K6LWwJPXxkfvzZRHzjiTZMvybeTnwPy,12D3KooWRNijznEQoXrxBeNLb2TqbSFm8gG8jKtfEsbC1C9nPqce"
ru.wikipedia-on-ipfs.org/wiki/Канал_связи,bafkreiab6pivx6monmptu5lylwdbeowmhvrxaulu6ky52krzitj3dhv2ie,4,"12D3KooWJXVWMbcxGh2jkPiw3pjZTmB78jSQja3ke7n6vQ1y2Jdi,12D3KooWCrBiagtZMzpZePCr1tfBbrZTh4BRQf7JurRqNMRi8YHF,12D3KooWRNijznEQoXrxBeNLb2TqbSFm8gG8jKtfEsbC1C9nPqce,12D3KooWHVXoJnv2ifmr9K6LWwJPXxkfvzZRHzjiTZMvybeTnwPy"
ru.wikipedia-on-ipfs.org/wiki/Донецкий_каменноугольный_бассейн,bafkreiaprse5yblp3o5ikvtgluslfisos2vf5dglmsfjuknwhiir2py63a,4,"12D3KooWJXVWMbcxGh2jkPiw3pjZTmB78jSQja3ke7n6vQ1y2Jdi,12D3KooWHVXoJnv2ifmr9K6LWwJPXxkfvzZRHzjiTZMvybeTnwPy,12D3KooWCrBiagtZMzpZePCr1tfBbrZTh4BRQf7JurRqNMRi8YHF,12D3KooWRNijznEQoXrxBeNLb2TqbSFm8gG8jKtfEsbC1C9nPqce"
ru.wikipedia-on-ipfs.org/wiki/Император_Ингё,bafkreidin7oft6mjlarjxij2sinv4jqi5eft3npbv3hsvjxmn3yefut37a,4,"12D3KooWJXVWMbcxGh2jkPiw3pjZTmB78jSQja3ke7n6vQ1y2Jdi,12D3KooWHVXoJnv2ifmr9K6LWwJPXxkfvzZRHzjiTZMvybeTnwPy,12D3KooWCrBiagtZMzpZePCr1tfBbrZTh4BRQf7JurRqNMRi8YHF,12D3KooWRNijznEQoXrxBeNLb2TqbSFm8gG8jKtfEsbC1C9nPqce"
ru.wikipedia-on-ipfs.org/wiki/Период_Мэйдзи,bafkreiggtpqrvd4rsi7yzrj3fhcm34rh6lzzqogtutirzf3zo2fgohkvii,4,"12D3KooWJXVWMbcxGh2jkPiw3pjZTmB78jSQja3ke7n6vQ1y2Jdi,12D3KooWCrBiagtZMzpZePCr1tfBbrZTh4BRQf7JurRqNMRi8YHF,12D3KooWHVXoJnv2ifmr9K6LWwJPXxkfvzZRHzjiTZMvybeTnwPy,12D3KooWRNijznEQoXrxBeNLb2TqbSFm8gG8jKtfEsbC1C9nPqce"
ru.wikipedia-on-ipfs.org/wiki/Нос_(повесть_Гоголя),bafkreibvkqfne6hz5zu7g2etxcrs5yrh5nzkjmocsolj5r77bdgwabsqw4,4,"12D3KooWJXVWMbcxGh2jkPiw3pjZTmB78jSQja3ke7n6vQ1y2Jdi,12D3KooWCrBiagtZMzpZePCr1tfBbrZTh4BRQf7JurRqNMRi8YHF,12D3KooWRNijznEQoXrxBeNLb2TqbSFm8gG8jKtfEsbC1C9nPqce,12D3KooWHVXoJnv2ifmr9K6LWwJPXxkfvzZRHzjiTZMvybeTnwPy"
ru.wikipedia-on-ipfs.org/wiki/Карта_из_Мадабы,bafkreia2u22l42ajdjllpivkldikqnpgtzpv64xj4lqedoldjphfxqm7iq,4,"12D3KooWJXVWMbcxGh2jkPiw3pjZTmB78jSQja3ke7n6vQ1y2Jdi,12D3KooWCrBiagtZMzpZePCr1tfBbrZTh4BRQf7JurRqNMRi8YHF,12D3KooWHVXoJnv2ifmr9K6LWwJPXxkfvzZRHzjiTZMvybeTnwPy,12D3KooWRNijznEQoXrxBeNLb2TqbSFm8gG8jKtfEsbC1C9nPqce"
"ru.wikipedia-on-ipfs.org/wiki/Иналджик,_Халил",bafkreig4vx33qu5t5co3ku5njblsvuifjtzc7kuatcz3xacovmcfp2y62y,4,"12D3KooWJXVWMbcxGh2jkPiw3pjZTmB78jSQja3ke7n6vQ1y2Jdi,12D3KooWCrBiagtZMzpZePCr1tfBbrZTh4BRQf7JurRqNMRi8YHF,12D3KooWHVXoJnv2ifmr9K6LWwJPXxkfvzZRHzjiTZMvybeTnwPy,12D3KooWRNijznEQoXrxBeNLb2TqbSFm8gG8jKtfEsbC1C9nPqce"
ru.wikipedia-on-ipfs.org/wiki/Латинская_империя,bafkreialghcn74z4fyhc2fczg7ixsjt3gr7dxkqpwhol4rrjdo7bp3q2ci,4,"12D3KooWJXVWMbcxGh2jkPiw3pjZTmB78jSQja3ke7n6vQ1y2Jdi,12D3KooWCrBiagtZMzpZePCr1tfBbrZTh4BRQf7JurRqNMRi8YHF,12D3KooWHVXoJnv2ifmr9K6LWwJPXxkfvzZRHzjiTZMvybeTnwPy,12D3KooWRNijznEQoXrxBeNLb2TqbSFm8gG8jKtfEsbC1C9nPqce"
ru.wikipedia-on-ipfs.org/wiki/Ассоциированное_государство,bafkreiehbjefpu45hlfyvibmg2grgos5bn7jrtwy2s435dea3235w7nn5a,6,"12D3KooWJXVWMbcxGh2jkPiw3pjZTmB78jSQja3ke7n6vQ1y2Jdi,12D3KooWCrBiagtZMzpZePCr1tfBbrZTh4BRQf7JurRqNMRi8YHF,12D3KooWHVXoJnv2ifmr9K6LWwJPXxkfvzZRHzjiTZMvybeTnwPy,12D3KooWRNijznEQoXrxBeNLb2TqbSFm8gG8jKtfEsbC1C9nPqce,12D3KooWQHS83N7ykf2pJMBSjsDMtyv5MrEukHdoiCJke2e6GjFf,12D3KooWDpp7U7W9Q8feMZPPEpPP5FKXTUakLgnVLbavfjb9mzrT"
ru.wikipedia-on-ipfs.org/wiki/Кан_Ювэй,bafybeifmvs2kohuejpvubmk4xcuq3tr63kkaumwvfp33gwecyyrt4nm6cm,4,"12D3KooWJXVWMbcxGh2jkPiw3pjZTmB78jSQja3ke7n6vQ1y2Jdi,12D3KooWHVXoJnv2ifmr9K6LWwJPXxkfvzZRHzjiTZMvybeTnwPy,12D3KooWCrBiagtZMzpZePCr1tfBbrZTh4BRQf7JurRqNMRi8YHF,12D3KooWRNijznEQoXrxBeNLb2TqbSFm8gG8jKtfEsbC1C9nPqce"
ru.wikipedia-on-ipfs.org/wiki/Гора_Нансена,bafkreicnih73k2f536srthbxbiadz2tgjvrfq72r6b3qibqnbat4spla7u,4,"12D3KooWJXVWMbcxGh2jkPiw3pjZTmB78jSQja3ke7n6vQ1y2Jdi,12D3KooWCrBiagtZMzpZePCr1tfBbrZTh4BRQf7JurRqNMRi8YHF,12D3KooWHVXoJnv2ifmr9K6LWwJPXxkfvzZRHzjiTZMvybeTnwPy,12D3KooWRNijznEQoXrxBeNLb2TqbSFm8gG8jKtfEsbC1C9nPqce"
ru.wikipedia-on-ipfs.org/wiki/Римский_клуб,bafkreic6l4vl33xv4xarzmkq3qf26o2ble6uyimc4fbeapbilxknckkafe,4,"12D3KooWJXVWMbcxGh2jkPiw3pjZTmB78jSQja3ke7n6vQ1y2Jdi,12D3KooWHVXoJnv2ifmr9K6LWwJPXxkfvzZRHzjiTZMvybeTnwPy,12D3KooWRNijznEQoXrxBeNLb2TqbSFm8gG8jKtfEsbC1C9nPqce,12D3KooWCrBiagtZMzpZePCr1tfBbrZTh4BRQf7JurRqNMRi8YHF"
ru.wikipedia-on-ipfs.org/wiki/Цунан,bafkreigkwfkrez2i3pypq7envm6ztwox45cylj5jxyyrnff6zzs2w7jo3m,4,"12D3KooWJXVWMbcxGh2jkPiw3pjZTmB78jSQja3ke7n6vQ1y2Jdi,12D3KooWHVXoJnv2ifmr9K6LWwJPXxkfvzZRHzjiTZMvybeTnwPy,12D3KooWCrBiagtZMzpZePCr1tfBbrZTh4BRQf7JurRqNMRi8YHF,12D3KooWRNijznEQoXrxBeNLb2TqbSFm8gG8jKtfEsbC1C9nPqce"
ru.wikipedia-on-ipfs.org/wiki/Субъект_(грамматика),bafkreiad362cxnaeyb3wkvipfhvldmd43e3lrynfji4fpfmps36druzhke,4,"12D3KooWJXVWMbcxGh2jkPiw3pjZTmB78jSQja3ke7n6vQ1y2Jdi,12D3KooWHVXoJnv2ifmr9K6LWwJPXxkfvzZRHzjiTZMvybeTnwPy,12D3KooWCrBiagtZMzpZePCr1tfBbrZTh4BRQf7JurRqNMRi8YHF,12D3KooWRNijznEQoXrxBeNLb2TqbSFm8gG8jKtfEsbC1C9nPqce"
ru.wikipedia-on-ipfs.org/wiki/Алтайские_языки,bafkreifuhm5riq4koo5t2e45xniak7vt6yul5b2ei3tfifnhn7jcay3f3e,4,"12D3KooWJXVWMbcxGh2jkPiw3pjZTmB78jSQja3ke7n6vQ1y2Jdi,12D3KooWCrBiagtZMzpZePCr1tfBbrZTh4BRQf7JurRqNMRi8YHF,12D3KooWRNijznEQoXrxBeNLb2TqbSFm8gG8jKtfEsbC1C9nPqce,12D3KooWHVXoJnv2ifmr9K6LWwJPXxkfvzZRHzjiTZMvybeTnwPy"
ru.wikipedia-on-ipfs.org/wiki/Австралия_на_летних_Олимпийских_играх_1956,bafkreibqw3tpvv7skusg7joqbjrw7ogblsqifim3op435fhkzhl7k2esva,4,"12D3KooWJXVWMbcxGh2jkPiw3pjZTmB78jSQja3ke7n6vQ1y2Jdi,12D3KooWHVXoJnv2ifmr9K6LWwJPXxkfvzZRHzjiTZMvybeTnwPy,12D3KooWRNijznEQoXrxBeNLb2TqbSFm8gG8jKtfEsbC1C9nPqce,12D3KooWCrBiagtZMzpZePCr1tfBbrZTh4BRQf7JurRqNMRi8YHF"
ru.wikipedia-on-ipfs.org/wiki/15_августа,bafkreiebfnyfnxvpjbgcrcmy3dvdhswvan5vbu343epb7jmfcbsp6hmloy,4,"12D3KooWJXVWMbcxGh2jkPiw3pjZTmB78jSQja3ke7n6vQ1y2Jdi,12D3KooWCrBiagtZMzpZePCr1tfBbrZTh4BRQf7JurRqNMRi8YHF,12D3KooWHVXoJnv2ifmr9K6LWwJPXxkfvzZRHzjiTZMvybeTnwPy,12D3KooWRNijznEQoXrxBeNLb2TqbSFm8gG8jKtfEsbC1C9nPqce"
ru.wikipedia-on-ipfs.org/wiki/Ледяная_скульптура,bafkreibi7o4i5vipo5p7w6b7p6wf2cri3knuqn3kud4i5k6o6tudo65jwq,4,"12D3KooWRNijznEQoXrxBeNLb2TqbSFm8gG8jKtfEsbC1C9nPqce,12D3KooWJXVWMbcxGh2jkPiw3pjZTmB78jSQja3ke7n6vQ1y2Jdi,12D3KooWHVXoJnv2ifmr9K6LWwJPXxkfvzZRHzjiTZMvybeTnwPy,12D3KooWCrBiagtZMzpZePCr1tfBbrZTh4BRQf7JurRqNMRi8YHF"
ru.wikipedia-on-ipfs.org/wiki/Сексуальность_человека,bafkreigjlnltlcpsvmzfrh5apqslxlk7ro2xhd6gvvdl55winf6hykktme,6,"12D3KooWJXVWMbcxGh2jkPiw3pjZTmB78jSQja3ke7n6vQ1y2Jdi,12D3KooWCrBiagtZMzpZePCr1tfBbrZTh4BRQf7JurRqNMRi8YHF,12D3KooWRNijznEQoXrxBeNLb2TqbSFm8gG8jKtfEsbC1C9nPqce,12D3KooWHVXoJnv2ifmr9K6LWwJPXxkfvzZRHzjiTZMvybeTnwPy,12D3KooWQHS83N7ykf2pJMBSjsDMtyv5MrEukHdoiCJke2e6GjFf,12D3KooWDpp7U7W9Q8feMZPPEpPP5FKXTUakLgnVLbavfjb9mzrT"
ru.wikipedia-on-ipfs.org/wiki/Мифы_народов_мира,bafkreiaqh22a3umopncenkofn5cem2n6g7aygfaz6mw4oj4tbppbijzztq,4,"12D3KooWJXVWMbcxGh2jkPiw3pjZTmB78jSQja3ke7n6vQ1y2Jdi,12D3KooWHVXoJnv2ifmr9K6LWwJPXxkfvzZRHzjiTZMvybeTnwPy,12D3KooWCrBiagtZMzpZePCr1tfBbrZTh4BRQf7JurRqNMRi8YHF,12D3KooWRNijznEQoXrxBeNLb2TqbSFm8gG8jKtfEsbC1C9nPqce"
ru.wikipedia-on-ipfs.org/wiki/Польская_литература,bafkreie3xjzrvtylb6t5kkych2vnkybelzy2nzlx4fxitkdv3rrk3phxs4,4,"12D3KooWJXVWMbcxGh2jkPiw3pjZTmB78jSQja3ke7n6vQ1y2Jdi,12D3KooWCrBiagtZMzpZePCr1tfBbrZTh4BRQf7JurRqNMRi8YHF,12D3KooWRNijznEQoXrxBeNLb2TqbSFm8gG8jKtfEsbC1C9nPqce,12D3KooWHVXoJnv2ifmr9K6LWwJPXxkfvzZRHzjiTZMvybeTnwPy"
"ru.wikipedia-on-ipfs.org/wiki/Кручёных,_Алексей_Елисеевич",bafkreie3muarmarjwhnsok6sni7heb5so42qwn4lirrs4ht3ggqygpd77m,4,"12D3KooWJXVWMbcxGh2jkPiw3pjZTmB78jSQja3ke7n6vQ1y2Jdi,12D3KooWHVXoJnv2ifmr9K6LWwJPXxkfvzZRHzjiTZMvybeTnwPy,12D3KooWCrBiagtZMzpZePCr1tfBbrZTh4BRQf7JurRqNMRi8YHF,12D3KooWRNijznEQoXrxBeNLb2TqbSFm8gG8jKtfEsbC1C9nPqce"
"ru.wikipedia-on-ipfs.org/wiki/Готшалль,_Рудольф",bafkreihfc6wxn6zd6lzmnopmrr27wbzqfgqx7tgryzj5zfqcotldzwudba,4,"12D3KooWJXVWMbcxGh2jkPiw3pjZTmB78jSQja3ke7n6vQ1y2Jdi,12D3KooWHVXoJnv2ifmr9K6LWwJPXxkfvzZRHzjiTZMvybeTnwPy,12D3KooWCrBiagtZMzpZePCr1tfBbrZTh4BRQf7JurRqNMRi8YHF,12D3KooWRNijznEQoXrxBeNLb2TqbSFm8gG8jKtfEsbC1C9nPqce"
ru.wikipedia-on-ipfs.org/wiki/Диагностика_(медицина),bafkreiaxhqdvntbgzxrfretqd4icbhwvhlmd377b7qfjqzekbd5p6i6oum,4,"12D3KooWJXVWMbcxGh2jkPiw3pjZTmB78jSQja3ke7n6vQ1y2Jdi,12D3KooWCrBiagtZMzpZePCr1tfBbrZTh4BRQf7JurRqNMRi8YHF,12D3KooWRNijznEQoXrxBeNLb2TqbSFm8gG8jKtfEsbC1C9nPqce,12D3KooWHVXoJnv2ifmr9K6LWwJPXxkfvzZRHzjiTZMvybeTnwPy"
ru.wikipedia-on-ipfs.org/wiki/Вольфрам,bafkreie2skmiuzsctvr5lafb3ij5pqowztcku2ejm6tenkb4nch5o3flqm,4,"12D3KooWJXVWMbcxGh2jkPiw3pjZTmB78jSQja3ke7n6vQ1y2Jdi,12D3KooWCrBiagtZMzpZePCr1tfBbrZTh4BRQf7JurRqNMRi8YHF,12D3KooWHVXoJnv2ifmr9K6LWwJPXxkfvzZRHzjiTZMvybeTnwPy,12D3KooWRNijznEQoXrxBeNLb2TqbSFm8gG8jKtfEsbC1C9nPqce"
ru.wikipedia-on-ipfs.org/wiki/Готы,bafkreidp5rsihexxmxenzdal7pctlg2hcbp2sg5xqet3h5fc2fij5c4kgy,4,"12D3KooWJXVWMbcxGh2jkPiw3pjZTmB78jSQja3ke7n6vQ1y2Jdi,12D3KooWCrBiagtZMzpZePCr1tfBbrZTh4BRQf7JurRqNMRi8YHF,12D3KooWHVXoJnv2ifmr9K6LWwJPXxkfvzZRHzjiTZMvybeTnwPy,12D3KooWRNijznEQoXrxBeNLb2TqbSFm8gG8jKtfEsbC1C9nPqce"
ru.wikipedia-on-ipfs.org/wiki/Тяга_поездов,bafkreiaztxmgb7twbqhlw2yvmyd25akyeqzhodv7ns55n7gl6avaipmsji,4,"12D3KooWJXVWMbcxGh2jkPiw3pjZTmB78jSQja3ke7n6vQ1y2Jdi,12D3KooWCrBiagtZMzpZePCr1tfBbrZTh4BRQf7JurRqNMRi8YHF,12D3KooWHVXoJnv2ifmr9K6LWwJPXxkfvzZRHzjiTZMvybeTnwPy,12D3KooWRNijznEQoXrxBeNLb2TqbSFm8gG8jKtfEsbC1C9nPqce"
ru.wikipedia-on-ipfs.org/wiki/Цифровой_сигнальный_процессор,bafkreiajxfdau2psk6fizvpg7q2uubnkl52luyvja4e3xot4np7icex5du,4,"12D3KooWJXVWMbcxGh2jkPiw3pjZTmB78jSQja3ke7n6vQ1y2Jdi,12D3KooWHVXoJnv2ifmr9K6LWwJPXxkfvzZRHzjiTZMvybeTnwPy,12D3KooWCrBiagtZMzpZePCr1tfBbrZTh4BRQf7JurRqNMRi8YHF,12D3KooWRNijznEQoXrxBeNLb2TqbSFm8gG8jKtfEsbC1C9nPqce"
ru.wikipedia-on-ipfs.org/wiki/Графика,bafkreifh7rcsazwsxkwuta24b7psyx56r7zwd4qmer2q3ut3lxbsgakfti,4,"12D3KooWJXVWMbcxGh2jkPiw3pjZTmB78jSQja3ke7n6vQ1y2Jdi,12D3KooWCrBiagtZMzpZePCr1tfBbrZTh4BRQf7JurRqNMRi8YHF,12D3KooWHVXoJnv2ifmr9K6LWwJPXxkfvzZRHzjiTZMvybeTnwPy,12D3KooWRNijznEQoXrxBeNLb2TqbSFm8gG8jKtfEsbC1C9nPqce"
"ru.wikipedia-on-ipfs.org/wiki/Шедель,_Хартман",bafkreibwo2cnydmu5u6p2l7kgmplhfbdszltix4d3u5a34iias4b3docyu,4,"12D3KooWJXVWMbcxGh2jkPiw3pjZTmB78jSQja3ke7n6vQ1y2Jdi,12D3KooWCrBiagtZMzpZePCr1tfBbrZTh4BRQf7JurRqNMRi8YHF,12D3KooWRNijznEQoXrxBeNLb2TqbSFm8gG8jKtfEsbC1C9nPqce,12D3KooWHVXoJnv2ifmr9K6LWwJPXxkfvzZRHzjiTZMvybeTnwPy"
ru.wikipedia-on-ipfs.org/wiki/Музыкальная_форма,bafkreidkn7dt4ci66tgtstwqkshfg46szr6fjjpuua2azjfjqn24ywbfzm,4,"12D3KooWJXVWMbcxGh2jkPiw3pjZTmB78jSQja3ke7n6vQ1y2Jdi,12D3KooWHVXoJnv2ifmr9K6LWwJPXxkfvzZRHzjiTZMvybeTnwPy,12D3KooWCrBiagtZMzpZePCr1tfBbrZTh4BRQf7JurRqNMRi8YHF,12D3KooWRNijznEQoXrxBeNLb2TqbSFm8gG8jKtfEsbC1C9nPqce"
ru.wikipedia-on-ipfs.org/wiki/Кукский_язык,bafkreigrskb3ceu2qghcttmspvr575xhpcwpu65ktlr5nxrlqixlplgfae,5,"12D3KooWCrBiagtZMzpZePCr1tfBbrZTh4BRQf7JurRqNMRi8YHF,12D3KooWJXVWMbcxGh2jkPiw3pjZTmB78jSQja3ke7n6vQ1y2Jdi,12D3KooWHVXoJnv2ifmr9K6LWwJPXxkfvzZRHzjiTZMvybeTnwPy,12D3KooWRNijznEQoXrxBeNLb2TqbSFm8gG8jKtfEsbC1C9nPqce,12D3KooWDpp7U7W9Q8feMZPPEpPP5FKXTUakLgnVLbavfjb9mzrT"
ru.wikipedia-on-ipfs.org/wiki/Религиозное_право,bafkreia2liasreimftyccr43oek5at4twz5tfch2vrlmpw2qyuz7abvaca,4,"12D3KooWJXVWMbcxGh2jkPiw3pjZTmB78jSQja3ke7n6vQ1y2Jdi,12D3KooWCrBiagtZMzpZePCr1tfBbrZTh4BRQf7JurRqNMRi8YHF,12D3KooWHVXoJnv2ifmr9K6LWwJPXxkfvzZRHzjiTZMvybeTnwPy,12D3KooWRNijznEQoXrxBeNLb2TqbSFm8gG8jKtfEsbC1C9nPqce"
ru.wikipedia-on-ipfs.org/wiki/Вики-резидент,bafkreicrdyurq2raf4wozo7ssme4nyij3spborhlmwaso3bbtvuws5uanq,4,"12D3KooWJXVWMbcxGh2jkPiw3pjZTmB78jSQja3ke7n6vQ1y2Jdi,12D3KooWCrBiagtZMzpZePCr1tfBbrZTh4BRQf7JurRqNMRi8YHF,12D3KooWHVXoJnv2ifmr9K6LWwJPXxkfvzZRHzjiTZMvybeTnwPy,12D3KooWRNijznEQoXrxBeNLb2TqbSFm8gG8jKtfEsbC1C9nPqce"
ru.wikipedia-on-ipfs.org/wiki/Март,bafkreiaueylksfydvzfemjbkxmcfoul7djdhk2pb4saped66xzcnfbbq4a,4,"12D3KooWJXVWMbcxGh2jkPiw3pjZTmB78jSQja3ke7n6vQ1y2Jdi,12D3KooWHVXoJnv2ifmr9K6LWwJPXxkfvzZRHzjiTZMvybeTnwPy,12D3KooWCrBiagtZMzpZePCr1tfBbrZTh4BRQf7JurRqNMRi8YHF,12D3KooWRNijznEQoXrxBeNLb2TqbSFm8gG8jKtfEsbC1C9nPqce"
ru.wikipedia-on-ipfs.org/wiki/Вторая_космическая_скорость,bafkreihkxg5bhyrhwblzctnalnvpid6jwviev4xug6zmmx57hm3j7qkiky,4,"12D3KooWJXVWMbcxGh2jkPiw3pjZTmB78jSQja3ke7n6vQ1y2Jdi,12D3KooWCrBiagtZMzpZePCr1tfBbrZTh4BRQf7JurRqNMRi8YHF,12D3KooWHVXoJnv2ifmr9K6LWwJPXxkfvzZRHzjiTZMvybeTnwPy,12D3KooWRNijznEQoXrxBeNLb2TqbSFm8gG8jKtfEsbC1C9nPqce"
ru.wikipedia-on-ipfs.org/wiki/Арнольд_из_Виллановы,bafkreid3iuxep677yjxghc4sgikiomwfbd55hmowagz5scq2dy27uhzqse,4,"12D3KooWJXVWMbcxGh2jkPiw3pjZTmB78jSQja3ke7n6vQ1y2Jdi,12D3KooWCrBiagtZMzpZePCr1tfBbrZTh4BRQf7JurRqNMRi8YHF,12D3KooWRNijznEQoXrxBeNLb2TqbSFm8gG8jKtfEsbC1C9nPqce,12D3KooWHVXoJnv2ifmr9K6LWwJPXxkfvzZRHzjiTZMvybeTnwPy"
"ru.wikipedia-on-ipfs.org/wiki/Гадамер,_Ханс-Георг",bafkreigv65htpxnuh47bab2qu4ibjy435aifjz7ieznbhytpyjnjlbfm6e,4,"12D3KooWJXVWMbcxGh2jkPiw3pjZTmB78jSQja3ke7n6vQ1y2Jdi,12D3KooWHVXoJnv2ifmr9K6LWwJPXxkfvzZRHzjiTZMvybeTnwPy,12D3KooWCrBiagtZMzpZePCr1tfBbrZTh4BRQf7JurRqNMRi8YHF,12D3KooWRNijznEQoXrxBeNLb2TqbSFm8gG8jKtfEsbC1C9nPqce"
ru.wikipedia-on-ipfs.org/wiki/Макроэкономика,bafkreidctktxld5zmu7uvxtfynim3hh7rizg4xvbfmcnxtdoq7ogclilcy,4,"12D3KooWJXVWMbcxGh2jkPiw3pjZTmB78jSQja3ke7n6vQ1y2Jdi,12D3KooWHVXoJnv2ifmr9K6LWwJPXxkfvzZRHzjiTZMvybeTnwPy,12D3KooWCrBiagtZMzpZePCr1tfBbrZTh4BRQf7JurRqNMRi8YHF,12D3KooWRNijznEQoXrxBeNLb2TqbSFm8gG8jKtfEsbC1C9nPqce"
ru.wikipedia-on-ipfs.org/wiki/Лечение,bafkreibaihx6mpszxuj3e4xoyx7ypceeixm7xhd4cuefyzswesltummfei,4,"12D3KooWJXVWMbcxGh2jkPiw3pjZTmB78jSQja3ke7n6vQ1y2Jdi,12D3KooWCrBiagtZMzpZePCr1tfBbrZTh4BRQf7JurRqNMRi8YHF,12D3KooWHVXoJnv2ifmr9K6LWwJPXxkfvzZRHzjiTZMvybeTnwPy,12D3KooWRNijznEQoXrxBeNLb2TqbSFm8gG8jKtfEsbC1C9nPqce"
ru.wikipedia-on-ipfs.org/wiki/Калория,bafkreihvxwatf6r2najacce2d5rrmynvo6rslvrdsfqzvv4wajhjubcqey,4,"12D3KooWJXVWMbcxGh2jkPiw3pjZTmB78jSQja3ke7n6vQ1y2Jdi,12D3KooWCrBiagtZMzpZePCr1tfBbrZTh4BRQf7JurRqNMRi8YHF,12D3KooWHVXoJnv2ifmr9K6LWwJPXxkfvzZRHzjiTZMvybeTnwPy,12D3KooWRNijznEQoXrxBeNLb2TqbSFm8gG8jKtfEsbC1C9nPqce"
ru.wikipedia-on-ipfs.org/wiki/Спойлер_(авиация),bafkreihkux2fjrohhrzi6lxvtkhhumsuqf556upxfkt7t536euhwkavxn4,4,"12D3KooWJXVWMbcxGh2jkPiw3pjZTmB78jSQja3ke7n6vQ1y2Jdi,12D3KooWCrBiagtZMzpZePCr1tfBbrZTh4BRQf7JurRqNMRi8YHF,12D3KooWHVXoJnv2ifmr9K6LWwJPXxkfvzZRHzjiTZMvybeTnwPy,12D3KooWRNijznEQoXrxBeNLb2TqbSFm8gG8jKtfEsbC1C9nPqce"
"ru.wikipedia-on-ipfs.org/wiki/Лосев,_Александр_Николаевич",bafkreie32s4b6hltqstnoleqgzcftqnpl76pbgj2gjvgzurrsmqxlv5234,0,","
ru.wikipedia-on-ipfs.org/wiki/Чукотский_автономный_округ,bafybeiabfyheu4wx2spl7plwiwvio3dq4iyce7d6huks4xcxnwiscefev4,4,"12D3KooWJXVWMbcxGh2jkPiw3pjZTmB78jSQja3ke7n6vQ1y2Jdi,12D3KooWHVXoJnv2ifmr9K6LWwJPXxkfvzZRHzjiTZMvybeTnwPy,12D3KooWRNijznEQoXrxBeNLb2TqbSFm8gG8jKtfEsbC1C9nPqce,12D3KooWCrBiagtZMzpZePCr1tfBbrZTh4BRQf7JurRqNMRi8YHF"
ru.wikipedia-on-ipfs.org/wiki/Генрих_IV_(король_Франции),bafkreiazamu7zncypxyuy23lxor2zy7tu4olahbmiagr7vsfctsnso22ue,4,"12D3KooWJXVWMbcxGh2jkPiw3pjZTmB78jSQja3ke7n6vQ1y2Jdi,12D3KooWCrBiagtZMzpZePCr1tfBbrZTh4BRQf7JurRqNMRi8YHF,12D3KooWRNijznEQoXrxBeNLb2TqbSFm8gG8jKtfEsbC1C9nPqce,12D3KooWHVXoJnv2ifmr9K6LWwJPXxkfvzZRHzjiTZMvybeTnwPy"
ru.wikipedia-on-ipfs.org/wiki/Авиация_общего_назначения,bafkreihppmx3nb6744l7t3wnnzfnkisebg55ckptpnpynl2aji43kcasjm,4,"12D3KooWJXVWMbcxGh2jkPiw3pjZTmB78jSQja3ke7n6vQ1y2Jdi,12D3KooWHVXoJnv2ifmr9K6LWwJPXxkfvzZRHzjiTZMvybeTnwPy,12D3KooWCrBiagtZMzpZePCr1tfBbrZTh4BRQf7JurRqNMRi8YHF,12D3KooWRNijznEQoXrxBeNLb2TqbSFm8gG8jKtfEsbC1C9nPqce"
ru.wikipedia-on-ipfs.org/wiki/Папский_легат,bafkreigdvvamd2txqntnt4pzwbbxb2kt3ndqplvjw6gv2nosh6c3sioaka,4,"12D3KooWCrBiagtZMzpZePCr1tfBbrZTh4BRQf7JurRqNMRi8YHF,12D3KooWRNijznEQoXrxBeNLb2TqbSFm8gG8jKtfEsbC1C9nPqce,12D3KooWHVXoJnv2ifmr9K6LWwJPXxkfvzZRHzjiTZMvybeTnwPy,12D3KooWJXVWMbcxGh2jkPiw3pjZTmB78jSQja3ke7n6vQ1y2Jdi"
ru.wikipedia-on-ipfs.org/wiki/Северное_Борнео,bafkreichwtudwjqcqdcf4zixfiuvut7a54bayj65ieufsm4fdhkgqjjjce,4,"12D3KooWJXVWMbcxGh2jkPiw3pjZTmB78jSQja3ke7n6vQ1y2Jdi,12D3KooWHVXoJnv2ifmr9K6LWwJPXxkfvzZRHzjiTZMvybeTnwPy,12D3KooWCrBiagtZMzpZePCr1tfBbrZTh4BRQf7JurRqNMRi8YHF,12D3KooWRNijznEQoXrxBeNLb2TqbSFm8gG8jKtfEsbC1C9nPqce"
ru.wikipedia-on-ipfs.org/wiki/Российская_Федерация,bafkreiepeywy5cfxixfd2tpwy2bmryomq2csjrbcpwufb4wnsffindimfu,4,"12D3KooWJXVWMbcxGh2jkPiw3pjZTmB78jSQja3ke7n6vQ1y2Jdi,12D3KooWCrBiagtZMzpZePCr1tfBbrZTh4BRQf7JurRqNMRi8YHF,12D3KooWHVXoJnv2ifmr9K6LWwJPXxkfvzZRHzjiTZMvybeTnwPy,12D3KooWRNijznEQoXrxBeNLb2TqbSFm8gG8jKtfEsbC1C9nPqce"
ru.wikipedia-on-ipfs.org/wiki/Девиз_правления,bafkreia2gjwpywg3gzp2gdcypmzavea57i4pkwza25ec3h2gfvatc7n7we,4,"12D3KooWJXVWMbcxGh2jkPiw3pjZTmB78jSQja3ke7n6vQ1y2Jdi,12D3KooWCrBiagtZMzpZePCr1tfBbrZTh4BRQf7JurRqNMRi8YHF,12D3KooWRNijznEQoXrxBeNLb2TqbSFm8gG8jKtfEsbC1C9nPqce,12D3KooWHVXoJnv2ifmr9K6LWwJPXxkfvzZRHzjiTZMvybeTnwPy"
ru.wikipedia-on-ipfs.org/wiki/Беспилотный_летательный_аппарат,bafkreicftk4t5wx5zgqhx62ttn424dfoqe2fld3mbxlelm55id4tcalg4m,5,"12D3KooWJXVWMbcxGh2jkPiw3pjZTmB78jSQja3ke7n6vQ1y2Jdi,12D3KooWCrBiagtZMzpZePCr1tfBbrZTh4BRQf7JurRqNMRi8YHF,12D3KooWRNijznEQoXrxBeNLb2TqbSFm8gG8jKtfEsbC1C9nPqce,12D3KooWHVXoJnv2ifmr9K6LWwJPXxkfvzZRHzjiTZMvybeTnwPy,12D3KooWGZnDDPptgtQ7xKjqt6T583jzEEXL3PE2iikRXZqLBEWV"
ru.wikipedia-on-ipfs.org/wiki/Иллюзия_обмана_2,bafkreib4u25ljtfxzxkncdybwlcr5pgpbjwxmjla2rtmouelw6w5saekd4,2,"12D3KooWJXVWMbcxGh2jkPiw3pjZTmB78jSQja3ke7n6vQ1y2Jdi,12D3KooWCrBiagtZMzpZePCr1tfBbrZTh4BRQf7JurRqNMRi8YHF"
ru.wikipedia-on-ipfs.org/wiki/Диссимиляция_(лингвистика),bafkreick6mocyotfhs7mv6o2jxqwdvdzspviws7v4gia57jlekqjaq4ec4,4,"12D3KooWRNijznEQoXrxBeNLb2TqbSFm8gG8jKtfEsbC1C9nPqce,12D3KooWJXVWMbcxGh2jkPiw3pjZTmB78jSQja3ke7n6vQ1y2Jdi,12D3KooWHVXoJnv2ifmr9K6LWwJPXxkfvzZRHzjiTZMvybeTnwPy,12D3KooWCrBiagtZMzpZePCr1tfBbrZTh4BRQf7JurRqNMRi8YHF"
ru.wikipedia-on-ipfs.org/wiki/Периандр,bafkreie7yagxuyquqrearxifaiibbmlt4tvaxgzf7mhe6455vc2obipqq4,4,"12D3KooWJXVWMbcxGh2jkPiw3pjZTmB78jSQja3ke7n6vQ1y2Jdi,12D3KooWCrBiagtZMzpZePCr1tfBbrZTh4BRQf7JurRqNMRi8YHF,12D3KooWHVXoJnv2ifmr9K6LWwJPXxkfvzZRHzjiTZMvybeTnwPy,12D3KooWRNijznEQoXrxBeNLb2TqbSFm8gG8jKtfEsbC1C9nPqce"
ru.wikipedia-on-ipfs.org/wiki/P-n-переход,bafkreic2zsbbj5jdt2cdixeakz557275og4fhntfe52r4p2dw3kb2tjjue,4,"12D3KooWJXVWMbcxGh2jkPiw3pjZTmB78jSQja3ke7n6vQ1y2Jdi,12D3KooWCrBiagtZMzpZePCr1tfBbrZTh4BRQf7JurRqNMRi8YHF,12D3KooWHVXoJnv2ifmr9K6LWwJPXxkfvzZRHzjiTZMvybeTnwPy,12D3KooWRNijznEQoXrxBeNLb2TqbSFm8gG8jKtfEsbC1C9nPqce"
"ru.wikipedia-on-ipfs.org/wiki/Копцева,_Наталья_Петровна",bafybeiadwqstwjdgti66aa7lorqk3arwhcc5hx3zr2wld4kv2iv2uwxiym,5,"12D3KooWHpE5KiQTkqbn8KbU88ZxwJxYJFaqP4mp9Z9bhNPhym9V,12D3KooWJXVWMbcxGh2jkPiw3pjZTmB78jSQja3ke7n6vQ1y2Jdi,12D3KooWCrBiagtZMzpZePCr1tfBbrZTh4BRQf7JurRqNMRi8YHF,12D3KooWHVXoJnv2ifmr9K6LWwJPXxkfvzZRHzjiTZMvybeTnwPy,12D3KooWRNijznEQoXrxBeNLb2TqbSFm8gG8jKtfEsbC1C9nPqce"
ru.wikipedia-on-ipfs.org/wiki/Версальский_мирный_договор_1919,bafkreihyfpo5zdk3m5md4fanrkao524y2xib7onox2nk4ehogas52oliz4,4,"12D3KooWJXVWMbcxGh2jkPiw3pjZTmB78jSQja3ke7n6vQ1y2Jdi,12D3KooWCrBiagtZMzpZePCr1tfBbrZTh4BRQf7JurRqNMRi8YHF,12D3KooWHVXoJnv2ifmr9K6LWwJPXxkfvzZRHzjiTZMvybeTnwPy,12D3KooWRNijznEQoXrxBeNLb2TqbSFm8gG8jKtfEsbC1C9nPqce"
ru.wikipedia-on-ipfs.org/wiki/Нью-Йорк_(штат),bafkreifaad5uib3fv2upp7p3bsy75segt3tgykk7uydwnp4j6eudkyyax4,4,"12D3KooWJXVWMbcxGh2jkPiw3pjZTmB78jSQja3ke7n6vQ1y2Jdi,12D3KooWCrBiagtZMzpZePCr1tfBbrZTh4BRQf7JurRqNMRi8YHF,12D3KooWHVXoJnv2ifmr9K6LWwJPXxkfvzZRHzjiTZMvybeTnwPy,12D3KooWRNijznEQoXrxBeNLb2TqbSFm8gG8jKtfEsbC1C9nPqce"
ru.wikipedia-on-ipfs.org/wiki/Государственного_бюджет_(доходы),bafkreiejzptdfuchobt7mqbsybcf5yrnfjt2uoyoduxht5h5au7dfha74u,4,"12D3KooWJXVWMbcxGh2jkPiw3pjZTmB78jSQja3ke7n6vQ1y2Jdi,12D3KooWHVXoJnv2ifmr9K6LWwJPXxkfvzZRHzjiTZMvybeTnwPy,12D3KooWCrBiagtZMzpZePCr1tfBbrZTh4BRQf7JurRqNMRi8YHF,12D3KooWRNijznEQoXrxBeNLb2TqbSFm8gG8jKtfEsbC1C9nPqce"
ru.wikipedia-on-ipfs.org/wiki/Джахандар_Шах,bafkreidcozhxwapscqcz7qgdly4tfaxecrxqtcgoqvirsumns2nloamdhu,0,","
ru.wikipedia-on-ipfs.org/wiki/Диалекты_лужицких_языков,bafkreiawmv24f4d7mwzomkeca46av7i2zubxnzsslpdtntultfpuvz6dxe,4,"12D3KooWJXVWMbcxGh2jkPiw3pjZTmB78jSQja3ke7n6vQ1y2Jdi,12D3KooWCrBiagtZMzpZePCr1tfBbrZTh4BRQf7JurRqNMRi8YHF,12D3KooWRNijznEQoXrxBeNLb2TqbSFm8gG8jKtfEsbC1C9nPqce,12D3KooWHVXoJnv2ifmr9K6LWwJPXxkfvzZRHzjiTZMvybeTnwPy"
ru.wikipedia-on-ipfs.org/wiki/Белиз,bafkreihbwynrvut6rdqatxccqlpddmdkqdfxyzqhvrsafkg5vbuxhzeaty,4,"12D3KooWJXVWMbcxGh2jkPiw3pjZTmB78jSQja3ke7n6vQ1y2Jdi,12D3KooWHVXoJnv2ifmr9K6LWwJPXxkfvzZRHzjiTZMvybeTnwPy,12D3KooWCrBiagtZMzpZePCr1tfBbrZTh4BRQf7JurRqNMRi8YHF,12D3KooWRNijznEQoXrxBeNLb2TqbSFm8gG8jKtfEsbC1C9nPqce"
ru.wikipedia-on-ipfs.org/wiki/Закон_природы,bafkreiee7aw64qiwb57abb3xoaliyekhprehlscjwqj6fp4whmpnqkyghi,4,"12D3KooWJXVWMbcxGh2jkPiw3pjZTmB78jSQja3ke7n6vQ1y2Jdi,12D3KooWCrBiagtZMzpZePCr1tfBbrZTh4BRQf7JurRqNMRi8YHF,12D3KooWHVXoJnv2ifmr9K6LWwJPXxkfvzZRHzjiTZMvybeTnwPy,12D3KooWRNijznEQoXrxBeNLb2TqbSFm8gG8jKtfEsbC1C9nPqce"
ru.wikipedia-on-ipfs.org/wiki/Осмысленность,bafkreianfpmdniqrgmmnk2bznpz2xpazi3oa5ru5plgpujs5ga6xd3feru,4,"12D3KooWJXVWMbcxGh2jkPiw3pjZTmB78jSQja3ke7n6vQ1y2Jdi,12D3KooWCrBiagtZMzpZePCr1tfBbrZTh4BRQf7JurRqNMRi8YHF,12D3KooWHVXoJnv2ifmr9K6LWwJPXxkfvzZRHzjiTZMvybeTnwPy,12D3KooWRNijznEQoXrxBeNLb2TqbSFm8gG8jKtfEsbC1C9nPqce"
ru.wikipedia-on-ipfs.org/wiki/Телёнок,bafkreigc7p2fahq2oas6ha7yqsk2bs2nrb6lvvhspcoql47ctxbrozqrni,4,"12D3KooWJXVWMbcxGh2jkPiw3pjZTmB78jSQja3ke7n6vQ1y2Jdi,12D3KooWHVXoJnv2ifmr9K6LWwJPXxkfvzZRHzjiTZMvybeTnwPy,12D3KooWCrBiagtZMzpZePCr1tfBbrZTh4BRQf7JurRqNMRi8YHF,12D3KooWRNijznEQoXrxBeNLb2TqbSFm8gG8jKtfEsbC1C9nPqce"
ru.wikipedia-on-ipfs.org/wiki/Ростово-суздальский_диалект,bafkreih6d656npnp5ugxpja5vwe2vqvp2c5gily27tp7xxtts2e2blpoum,4,"12D3KooWJXVWMbcxGh2jkPiw3pjZTmB78jSQja3ke7n6vQ1y2Jdi,12D3KooWCrBiagtZMzpZePCr1tfBbrZTh4BRQf7JurRqNMRi8YHF,12D3KooWHVXoJnv2ifmr9K6LWwJPXxkfvzZRHzjiTZMvybeTnwPy,12D3KooWRNijznEQoXrxBeNLb2TqbSFm8gG8jKtfEsbC1C9nPqce"
"ru.wikipedia-on-ipfs.org/wiki/Сергеев,_Александр_Петрович",bafkreic4qdfmobfzo5jxmkbydf5o5onjafwheq7pr6w6a2z4r37gkeky54,4,"12D3KooWJXVWMbcxGh2jkPiw3pjZTmB78jSQja3ke7n6vQ1y2Jdi,12D3KooWCrBiagtZMzpZePCr1tfBbrZTh4BRQf7JurRqNMRi8YHF,12D3KooWHVXoJnv2ifmr9K6LWwJPXxkfvzZRHzjiTZMvybeTnwPy,12D3KooWRNijznEQoXrxBeNLb2TqbSFm8gG8jKtfEsbC1C9nPqce"
ru.wikipedia-on-ipfs.org/wiki/Полутон,bafkreibti7um22ffsxepn2ou3h4jpl4rteeicpwa2bo4xonnbfx65j2lbe,4,"12D3KooWCrBiagtZMzpZePCr1tfBbrZTh4BRQf7JurRqNMRi8YHF,12D3KooWHVXoJnv2ifmr9K6LWwJPXxkfvzZRHzjiTZMvybeTnwPy,12D3KooWRNijznEQoXrxBeNLb2TqbSFm8gG8jKtfEsbC1C9nPqce,12D3KooWJXVWMbcxGh2jkPiw3pjZTmB78jSQja3ke7n6vQ1y2Jdi"
ru.wikipedia-on-ipfs.org/wiki/Плацебо,bafkreidohepzcxdcp5vyjfr5qalbs6os3op5gp7aekjivrrgn4if4yhwgm,4,"12D3KooWJXVWMbcxGh2jkPiw3pjZTmB78jSQja3ke7n6vQ1y2Jdi,12D3KooWCrBiagtZMzpZePCr1tfBbrZTh4BRQf7JurRqNMRi8YHF,12D3KooWHVXoJnv2ifmr9K6LWwJPXxkfvzZRHzjiTZMvybeTnwPy,12D3KooWRNijznEQoXrxBeNLb2TqbSFm8gG8jKtfEsbC1C9nPqce"
ru.wikipedia-on-ipfs.org/wiki/Провинциальный_секретарь,bafkreiesyv4kjvegty7s32pb77uc2g3p6tww7ul24cob6rrazrxu5ouopu,4,"12D3KooWJXVWMbcxGh2jkPiw3pjZTmB78jSQja3ke7n6vQ1y2Jdi,12D3KooWHVXoJnv2ifmr9K6LWwJPXxkfvzZRHzjiTZMvybeTnwPy,12D3KooWCrBiagtZMzpZePCr1tfBbrZTh4BRQf7JurRqNMRi8YHF,12D3KooWRNijznEQoXrxBeNLb2TqbSFm8gG8jKtfEsbC1C9nPqce"
"ru.wikipedia-on-ipfs.org/wiki/Коренные_малочисленные_народы_Севера,_Сибири_и_Дальнего_Востока_Российской_Федерации",bafkreicscovvfu5nw3esvfko5wlvmmcvroqmxwcvbjvzpjnisl6azjhpjm,4,"12D3KooWJXVWMbcxGh2jkPiw3pjZTmB78jSQja3ke7n6vQ1y2Jdi,12D3KooWCrBiagtZMzpZePCr1tfBbrZTh4BRQf7JurRqNMRi8YHF,12D3KooWHVXoJnv2ifmr9K6LWwJPXxkfvzZRHzjiTZMvybeTnwPy,12D3KooWRNijznEQoXrxBeNLb2TqbSFm8gG8jKtfEsbC1C9nPqce"
ru.wikipedia-on-ipfs.org/wiki/Джан_Франческо_Рустичи,bafkreicw23pqganizduk6nyaaer2fha3vdciru2u7mwx2npbbjqibn5p6a,4,"12D3KooWJXVWMbcxGh2jkPiw3pjZTmB78jSQja3ke7n6vQ1y2Jdi,12D3KooWCrBiagtZMzpZePCr1tfBbrZTh4BRQf7JurRqNMRi8YHF,12D3KooWHVXoJnv2ifmr9K6LWwJPXxkfvzZRHzjiTZMvybeTnwPy,12D3KooWRNijznEQoXrxBeNLb2TqbSFm8gG8jKtfEsbC1C9nPqce"
ru.wikipedia-on-ipfs.org/wiki/Материя_(философия),bafkreifiwnvbpvfdytofbwkigenv4lx6fatpkzib25tftosmaw5wieoaoe,4,"12D3KooWJXVWMbcxGh2jkPiw3pjZTmB78jSQja3ke7n6vQ1y2Jdi,12D3KooWCrBiagtZMzpZePCr1tfBbrZTh4BRQf7JurRqNMRi8YHF,12D3KooWHVXoJnv2ifmr9K6LWwJPXxkfvzZRHzjiTZMvybeTnwPy,12D3KooWRNijznEQoXrxBeNLb2TqbSFm8gG8jKtfEsbC1C9nPqce"
ru.wikipedia-on-ipfs.org/wiki/Стоматологический_туризм,bafkreidsy3xml3aoai5freq5n4zyuak3qfigqvxsc5ettjfh4voj25y5wy,4,"12D3KooWJXVWMbcxGh2jkPiw3pjZTmB78jSQja3ke7n6vQ1y2Jdi,12D3KooWCrBiagtZMzpZePCr1tfBbrZTh4BRQf7JurRqNMRi8YHF,12D3KooWRNijznEQoXrxBeNLb2TqbSFm8gG8jKtfEsbC1C9nPqce,12D3KooWHVXoJnv2ifmr9K6LWwJPXxkfvzZRHzjiTZMvybeTnwPy"
ru.wikipedia-on-ipfs.org/wiki/Сент-Люсия,bafybeicsgm4hndyihpwsnzx4bmvdzmruedwfhnrkgkmgrtobp5an6dwgam,4,"12D3KooWJXVWMbcxGh2jkPiw3pjZTmB78jSQja3ke7n6vQ1y2Jdi,12D3KooWCrBiagtZMzpZePCr1tfBbrZTh4BRQf7JurRqNMRi8YHF,12D3KooWHVXoJnv2ifmr9K6LWwJPXxkfvzZRHzjiTZMvybeTnwPy,12D3KooWRNijznEQoXrxBeNLb2TqbSFm8gG8jKtfEsbC1C9nPqce"
ru.wikipedia-on-ipfs.org/wiki/Североамериканская_зона_свободной_торговли,bafkreihj2d3l4o7ucxywvmk6dyxprioopitaadqvnz3nq7lklqg4lnyq4u,4,"12D3KooWJXVWMbcxGh2jkPiw3pjZTmB78jSQja3ke7n6vQ1y2Jdi,12D3KooWCrBiagtZMzpZePCr1tfBbrZTh4BRQf7JurRqNMRi8YHF,12D3KooWRNijznEQoXrxBeNLb2TqbSFm8gG8jKtfEsbC1C9nPqce,12D3KooWHVXoJnv2ifmr9K6LWwJPXxkfvzZRHzjiTZMvybeTnwPy"
ru.wikipedia-on-ipfs.org/wiki/Камос,bafkreibrdq7c72userglaz776zvm6pypoeotw3zjnx6inkfec7em6d7lz4,4,"12D3KooWJXVWMbcxGh2jkPiw3pjZTmB78jSQja3ke7n6vQ1y2Jdi,12D3KooWCrBiagtZMzpZePCr1tfBbrZTh4BRQf7JurRqNMRi8YHF,12D3KooWRNijznEQoXrxBeNLb2TqbSFm8gG8jKtfEsbC1C9nPqce,12D3KooWHVXoJnv2ifmr9K6LWwJPXxkfvzZRHzjiTZMvybeTnwPy"
ru.wikipedia-on-ipfs.org/wiki/Половое_поведение_животных,bafkreigo2x4jtac4ywmilbraw4ohfmjabmsikk52mgdognaqlfd6vh2kqy,4,"12D3KooWJXVWMbcxGh2jkPiw3pjZTmB78jSQja3ke7n6vQ1y2Jdi,12D3KooWHVXoJnv2ifmr9K6LWwJPXxkfvzZRHzjiTZMvybeTnwPy,12D3KooWCrBiagtZMzpZePCr1tfBbrZTh4BRQf7JurRqNMRi8YHF,12D3KooWRNijznEQoXrxBeNLb2TqbSFm8gG8jKtfEsbC1C9nPqce"
ru.wikipedia-on-ipfs.org/wiki/Печать_ханского_вана_японской_страны_На,bafkreicuks6ufvehq24gtlj3oj5t6wjrn7skhuhmpu3ezwf3ddrb5iogzy,4,"12D3KooWJXVWMbcxGh2jkPiw3pjZTmB78jSQja3ke7n6vQ1y2Jdi,12D3KooWCrBiagtZMzpZePCr1tfBbrZTh4BRQf7JurRqNMRi8YHF,12D3KooWHVXoJnv2ifmr9K6LWwJPXxkfvzZRHzjiTZMvybeTnwPy,12D3KooWRNijznEQoXrxBeNLb2TqbSFm8gG8jKtfEsbC1C9nPqce"
ru.wikipedia-on-ipfs.org/wiki/Берег_Отса,bafkreiegnoawc3n3a2tf6qacphfa2qsdot5gcszcmsvcar3nk4pktczjvm,4,"12D3KooWJXVWMbcxGh2jkPiw3pjZTmB78jSQja3ke7n6vQ1y2Jdi,12D3KooWHVXoJnv2ifmr9K6LWwJPXxkfvzZRHzjiTZMvybeTnwPy,12D3KooWCrBiagtZMzpZePCr1tfBbrZTh4BRQf7JurRqNMRi8YHF,12D3KooWRNijznEQoXrxBeNLb2TqbSFm8gG8jKtfEsbC1C9nPqce"
ru.wikipedia-on-ipfs.org/wiki/Квир,bafkreieza23lqljwy4xftg7xwjoz6b767dkea2dc5tzh6zrl5legt6yufq,4,"12D3KooWJXVWMbcxGh2jkPiw3pjZTmB78jSQja3ke7n6vQ1y2Jdi,12D3KooWHVXoJnv2ifmr9K6LWwJPXxkfvzZRHzjiTZMvybeTnwPy,12D3KooWCrBiagtZMzpZePCr1tfBbrZTh4BRQf7JurRqNMRi8YHF,12D3KooWRNijznEQoXrxBeNLb2TqbSFm8gG8jKtfEsbC1C9nPqce"
"ru.wikipedia-on-ipfs.org/wiki/Преображенский,_Владимир_Сергеевич",bafkreiefpn57grdahw3w5khagpoofgmbn5niiklyeg4n4uvm3cowvujnam,4,"12D3KooWJXVWMbcxGh2jkPiw3pjZTmB78jSQja3ke7n6vQ1y2Jdi,12D3KooWCrBiagtZMzpZePCr1tfBbrZTh4BRQf7JurRqNMRi8YHF,12D3KooWHVXoJnv2ifmr9K6LWwJPXxkfvzZRHzjiTZMvybeTnwPy,12D3KooWRNijznEQoXrxBeNLb2TqbSFm8gG8jKtfEsbC1C9nPqce"
"ru.wikipedia-on-ipfs.org/wiki/Соловьёв,_Юрий_Борисович",bafkreigx65okz2udf2dp6ogrhjabc73pdoi7kxk2ypjyf2bjfcj22tfmg4,4,"12D3KooWJXVWMbcxGh2jkPiw3pjZTmB78jSQja3ke7n6vQ1y2Jdi,12D3KooWCrBiagtZMzpZePCr1tfBbrZTh4BRQf7JurRqNMRi8YHF,12D3KooWRNijznEQoXrxBeNLb2TqbSFm8gG8jKtfEsbC1C9nPqce,12D3KooWHVXoJnv2ifmr9K6LWwJPXxkfvzZRHzjiTZMvybeTnwPy"
ru.wikipedia-on-ipfs.org/wiki/Французская_территория_афаров_и_исса,bafkreihrlzupvmy23ldx3cgvdwnmjbjehfu7t2gvegm6vhbq2sq5ztka3a,4,"12D3KooWJXVWMbcxGh2jkPiw3pjZTmB78jSQja3ke7n6vQ1y2Jdi,12D3KooWRNijznEQoXrxBeNLb2TqbSFm8gG8jKtfEsbC1C9nPqce,12D3KooWCrBiagtZMzpZePCr1tfBbrZTh4BRQf7JurRqNMRi8YHF,12D3KooWHVXoJnv2ifmr9K6LWwJPXxkfvzZRHzjiTZMvybeTnwPy"
ru.wikipedia-on-ipfs.org/wiki/Оккупация,bafkreiarqmcpvhgg6qxv7nsm6adeymlw6llvk7sca63pist3upso34fxki,4,"12D3KooWJXVWMbcxGh2jkPiw3pjZTmB78jSQja3ke7n6vQ1y2Jdi,12D3KooWCrBiagtZMzpZePCr1tfBbrZTh4BRQf7JurRqNMRi8YHF,12D3KooWHVXoJnv2ifmr9K6LWwJPXxkfvzZRHzjiTZMvybeTnwPy,12D3KooWRNijznEQoXrxBeNLb2TqbSFm8gG8jKtfEsbC1C9nPqce"
ru.wikipedia-on-ipfs.org/wiki/Глима,bafkreidzdd3jn3v67du3i76r5jlnt4o6bfscjq2mydfcbl2d2rq5afq7lm,4,"12D3KooWJXVWMbcxGh2jkPiw3pjZTmB78jSQja3ke7n6vQ1y2Jdi,12D3KooWCrBiagtZMzpZePCr1tfBbrZTh4BRQf7JurRqNMRi8YHF,12D3KooWRNijznEQoXrxBeNLb2TqbSFm8gG8jKtfEsbC1C9nPqce,12D3KooWHVXoJnv2ifmr9K6LWwJPXxkfvzZRHzjiTZMvybeTnwPy"
ru.wikipedia-on-ipfs.org/wiki/Монголия_на_Олимпийских_играх,bafkreievaarowl42jnqhhdx5ksgaqd3r4w53djwqldigv3bafwcs7abcde,4,"12D3KooWJXVWMbcxGh2jkPiw3pjZTmB78jSQja3ke7n6vQ1y2Jdi,12D3KooWCrBiagtZMzpZePCr1tfBbrZTh4BRQf7JurRqNMRi8YHF,12D3KooWHVXoJnv2ifmr9K6LWwJPXxkfvzZRHzjiTZMvybeTnwPy,12D3KooWRNijznEQoXrxBeNLb2TqbSFm8gG8jKtfEsbC1C9nPqce"
ru.wikipedia-on-ipfs.org/wiki/Колумбия,bafybeiexpcakdwnfp5oxxomfpufolbveiv2ukceucpkgth4fgr5g4zfrya,5,"12D3KooWHpE5KiQTkqbn8KbU88ZxwJxYJFaqP4mp9Z9bhNPhym9V,12D3KooWJXVWMbcxGh2jkPiw3pjZTmB78jSQja3ke7n6vQ1y2Jdi,12D3KooWHVXoJnv2ifmr9K6LWwJPXxkfvzZRHzjiTZMvybeTnwPy,12D3KooWCrBiagtZMzpZePCr1tfBbrZTh4BRQf7JurRqNMRi8YHF,12D3KooWRNijznEQoXrxBeNLb2TqbSFm8gG8jKtfEsbC1C9nPqce"
ru.wikipedia-on-ipfs.org/wiki/Внешняя_политика_Европейского_союза,bafkreigqoiaqxjoqk2uyqqgg4xyjhbskwie4ed2jyrnwtmecyry54pzu5i,4,"12D3KooWJXVWMbcxGh2jkPiw3pjZTmB78jSQja3ke7n6vQ1y2Jdi,12D3KooWCrBiagtZMzpZePCr1tfBbrZTh4BRQf7JurRqNMRi8YHF,12D3KooWRNijznEQoXrxBeNLb2TqbSFm8gG8jKtfEsbC1C9nPqce,12D3KooWHVXoJnv2ifmr9K6LWwJPXxkfvzZRHzjiTZMvybeTnwPy"
ru.wikipedia-on-ipfs.org/wiki/Ираклий_(византийский_император),bafkreia4ywh5cfh4ekup2iim5sxvlfevjxezhdb3354bbv5wyl7joxiuoq,4,"12D3KooWJXVWMbcxGh2jkPiw3pjZTmB78jSQja3ke7n6vQ1y2Jdi,12D3KooWCrBiagtZMzpZePCr1tfBbrZTh4BRQf7JurRqNMRi8YHF,12D3KooWHVXoJnv2ifmr9K6LWwJPXxkfvzZRHzjiTZMvybeTnwPy,12D3KooWRNijznEQoXrxBeNLb2TqbSFm8gG8jKtfEsbC1C9nPqce"
ru.wikipedia-on-ipfs.org/wiki/Олимпийская_медаль,bafkreictyn7ucsfhgvihlmimyeszozht7kaetcuksnxy6nsbro3if5nfcm,4,"12D3KooWJXVWMbcxGh2jkPiw3pjZTmB78jSQja3ke7n6vQ1y2Jdi,12D3KooWCrBiagtZMzpZePCr1tfBbrZTh4BRQf7JurRqNMRi8YHF,12D3KooWHVXoJnv2ifmr9K6LWwJPXxkfvzZRHzjiTZMvybeTnwPy,12D3KooWRNijznEQoXrxBeNLb2TqbSFm8gG8jKtfEsbC1C9nPqce"
ru.wikipedia-on-ipfs.org/wiki/Мыс_Челюскин,bafkreiab732yub7wrrrwmgcslsqmk3ngxh3qfjqacrsrryb2strszp3pfa,4,"12D3KooWCrBiagtZMzpZePCr1tfBbrZTh4BRQf7JurRqNMRi8YHF,12D3KooWJXVWMbcxGh2jkPiw3pjZTmB78jSQja3ke7n6vQ1y2Jdi,12D3KooWRNijznEQoXrxBeNLb2TqbSFm8gG8jKtfEsbC1C9nPqce,12D3KooWHVXoJnv2ifmr9K6LWwJPXxkfvzZRHzjiTZMvybeTnwPy"
ru.wikipedia-on-ipfs.org/wiki/Всемирная_история_экономической_мысли,bafkreigq6yq6pggiqkttqi7eovuck3zm7jkzn77hqtt7roopzs54msdjye,4,"12D3KooWJXVWMbcxGh2jkPiw3pjZTmB78jSQja3ke7n6vQ1y2Jdi,12D3KooWHVXoJnv2ifmr9K6LWwJPXxkfvzZRHzjiTZMvybeTnwPy,12D3KooWCrBiagtZMzpZePCr1tfBbrZTh4BRQf7JurRqNMRi8YHF,12D3KooWRNijznEQoXrxBeNLb2TqbSFm8gG8jKtfEsbC1C9nPqce"
ru.wikipedia-on-ipfs.org/wiki/Памятник,bafkreibdmzkknzxfcxb6bbhlqljxo5dtmgavbwfqtcudn2vt4gk7kw4m44,4,"12D3KooWJXVWMbcxGh2jkPiw3pjZTmB78jSQja3ke7n6vQ1y2Jdi,12D3KooWCrBiagtZMzpZePCr1tfBbrZTh4BRQf7JurRqNMRi8YHF,12D3KooWHVXoJnv2ifmr9K6LWwJPXxkfvzZRHzjiTZMvybeTnwPy,12D3KooWRNijznEQoXrxBeNLb2TqbSFm8gG8jKtfEsbC1C9nPqce"
ru.wikipedia-on-ipfs.org/wiki/Русско-шведские_войны,bafkreieg3vumtzpxapwhjab22imudaqogvt3scqt6voz7rzg37imw4roam,4,"12D3KooWJXVWMbcxGh2jkPiw3pjZTmB78jSQja3ke7n6vQ1y2Jdi,12D3KooWCrBiagtZMzpZePCr1tfBbrZTh4BRQf7JurRqNMRi8YHF,12D3KooWRNijznEQoXrxBeNLb2TqbSFm8gG8jKtfEsbC1C9nPqce,12D3KooWHVXoJnv2ifmr9K6LWwJPXxkfvzZRHzjiTZMvybeTnwPy"
ru.wikipedia-on-ipfs.org/wiki/Образование_в_Тринидаде_и_Тобаго,bafkreih2kracqtgz5fvfufcje6smjzt52hegf6s2hzi6ogaa6bsppq4mii,4,"12D3KooWJXVWMbcxGh2jkPiw3pjZTmB78jSQja3ke7n6vQ1y2Jdi,12D3KooWCrBiagtZMzpZePCr1tfBbrZTh4BRQf7JurRqNMRi8YHF,12D3KooWRNijznEQoXrxBeNLb2TqbSFm8gG8jKtfEsbC1C9nPqce,12D3KooWHVXoJnv2ifmr9K6LWwJPXxkfvzZRHzjiTZMvybeTnwPy"
ru.wikipedia-on-ipfs.org/wiki/Право_Шотландии,bafkreibrvz3wwppo4exaufz7m273eovlqusnvim2jyw5ddm4srryf52g7a,4,"12D3KooWJXVWMbcxGh2jkPiw3pjZTmB78jSQja3ke7n6vQ1y2Jdi,12D3KooWHVXoJnv2ifmr9K6LWwJPXxkfvzZRHzjiTZMvybeTnwPy,12D3KooWRNijznEQoXrxBeNLb2TqbSFm8gG8jKtfEsbC1C9nPqce,12D3KooWCrBiagtZMzpZePCr1tfBbrZTh4BRQf7JurRqNMRi8YHF"
ru.wikipedia-on-ipfs.org/wiki/Медиафилософия,bafkreiekbd7oggwio62otodktkbxg6ldiknilhnjy5qwiqlpfgp37eykhm,4,"12D3KooWJXVWMbcxGh2jkPiw3pjZTmB78jSQja3ke7n6vQ1y2Jdi,12D3KooWCrBiagtZMzpZePCr1tfBbrZTh4BRQf7JurRqNMRi8YHF,12D3KooWRNijznEQoXrxBeNLb2TqbSFm8gG8jKtfEsbC1C9nPqce,12D3KooWHVXoJnv2ifmr9K6LWwJPXxkfvzZRHzjiTZMvybeTnwPy"
ru.wikipedia-on-ipfs.org/wiki/Большой_толковый_словарь_русского_языка,bafkreiez3pyx5255lybl262cb7md37nenau5pg4uyxbjepwrrlvr3znljq,4,"12D3KooWJXVWMbcxGh2jkPiw3pjZTmB78jSQja3ke7n6vQ1y2Jdi,12D3KooWRNijznEQoXrxBeNLb2TqbSFm8gG8jKtfEsbC1C9nPqce,12D3KooWCrBiagtZMzpZePCr1tfBbrZTh4BRQf7JurRqNMRi8YHF,12D3KooWHVXoJnv2ifmr9K6LWwJPXxkfvzZRHzjiTZMvybeTnwPy"
ru.wikipedia-on-ipfs.org/wiki/Западная_Сахара,bafkreihjxxxbhlhiic6dvcm7mxiegxomvefxzuan225fzy7yn7i2jvuafa,4,"12D3KooWJXVWMbcxGh2jkPiw3pjZTmB78jSQja3ke7n6vQ1y2Jdi,12D3KooWCrBiagtZMzpZePCr1tfBbrZTh4BRQf7JurRqNMRi8YHF,12D3KooWHVXoJnv2ifmr9K6LWwJPXxkfvzZRHzjiTZMvybeTnwPy,12D3KooWRNijznEQoXrxBeNLb2TqbSFm8gG8jKtfEsbC1C9nPqce"
ru.wikipedia-on-ipfs.org/wiki/Династия_Цинь,bafkreighj47cc6gsgnvtyolfxrxhytjkcofqmtjev2exewodo32abeenna,4,"12D3KooWJXVWMbcxGh2jkPiw3pjZTmB78jSQja3ke7n6vQ1y2Jdi,12D3KooWHVXoJnv2ifmr9K6LWwJPXxkfvzZRHzjiTZMvybeTnwPy,12D3KooWRNijznEQoXrxBeNLb2TqbSFm8gG8jKtfEsbC1C9nPqce,12D3KooWCrBiagtZMzpZePCr1tfBbrZTh4BRQf7JurRqNMRi8YHF"
ru.wikipedia-on-ipfs.org/wiki/Хузистан,bafkreif4k3i6my4fxc4jibcgjovpqfgo2hvwb6skj2h54q6wqv523hfgzm,4,"12D3KooWJXVWMbcxGh2jkPiw3pjZTmB78jSQja3ke7n6vQ1y2Jdi,12D3KooWCrBiagtZMzpZePCr1tfBbrZTh4BRQf7JurRqNMRi8YHF,12D3KooWHVXoJnv2ifmr9K6LWwJPXxkfvzZRHzjiTZMvybeTnwPy,12D3KooWRNijznEQoXrxBeNLb2TqbSFm8gG8jKtfEsbC1C9nPqce"
ru.wikipedia-on-ipfs.org/wiki/Реформация,bafybeica3vmfujgdkofccdskjnmypkzet5xzuv5d5my3faj2knfkjsltxm,4,"12D3KooWJXVWMbcxGh2jkPiw3pjZTmB78jSQja3ke7n6vQ1y2Jdi,12D3KooWCrBiagtZMzpZePCr1tfBbrZTh4BRQf7JurRqNMRi8YHF,12D3KooWRNijznEQoXrxBeNLb2TqbSFm8gG8jKtfEsbC1C9nPqce,12D3KooWHVXoJnv2ifmr9K6LWwJPXxkfvzZRHzjiTZMvybeTnwPy"
ru.wikipedia-on-ipfs.org/wiki/Фессалоники,bafkreiapdxi7ih2etovtrstomqcr7gtm7tvh47u2w2or2v3ggijuoi5ame,4,"12D3KooWJXVWMbcxGh2jkPiw3pjZTmB78jSQja3ke7n6vQ1y2Jdi,12D3KooWHVXoJnv2ifmr9K6LWwJPXxkfvzZRHzjiTZMvybeTnwPy,12D3KooWCrBiagtZMzpZePCr1tfBbrZTh4BRQf7JurRqNMRi8YHF,12D3KooWRNijznEQoXrxBeNLb2TqbSFm8gG8jKtfEsbC1C9nPqce"
ru.wikipedia-on-ipfs.org/wiki/Мимоза,bafkreigzqtdauw3ocmrdp2tayfamellnkfxnaeylbaocpefomxkkprbx2a,4,"12D3KooWJXVWMbcxGh2jkPiw3pjZTmB78jSQja3ke7n6vQ1y2Jdi,12D3KooWCrBiagtZMzpZePCr1tfBbrZTh4BRQf7JurRqNMRi8YHF,12D3KooWHVXoJnv2ifmr9K6LWwJPXxkfvzZRHzjiTZMvybeTnwPy,12D3KooWRNijznEQoXrxBeNLb2TqbSFm8gG8jKtfEsbC1C9nPqce"
ru.wikipedia-on-ipfs.org/wiki/Определительные_местоимения,bafkreiavkazh6prx7xeqyk57mcqddsbv4qdym67r2c46wtvwvlmtopfhaa,4,"12D3KooWJXVWMbcxGh2jkPiw3pjZTmB78jSQja3ke7n6vQ1y2Jdi,12D3KooWCrBiagtZMzpZePCr1tfBbrZTh4BRQf7JurRqNMRi8YHF,12D3KooWRNijznEQoXrxBeNLb2TqbSFm8gG8jKtfEsbC1C9nPqce,12D3KooWHVXoJnv2ifmr9K6LWwJPXxkfvzZRHzjiTZMvybeTnwPy"
ru.wikipedia-on-ipfs.org/wiki/Суверенные_территории_Испании,bafkreih6lwfwqvgex4eivsgkqje3pn7kmlpj5xefzthdemvlxzvnrdzhvi,5,"12D3KooWJXVWMbcxGh2jkPiw3pjZTmB78jSQja3ke7n6vQ1y2Jdi,12D3KooWCrBiagtZMzpZePCr1tfBbrZTh4BRQf7JurRqNMRi8YHF,12D3KooWRNijznEQoXrxBeNLb2TqbSFm8gG8jKtfEsbC1C9nPqce,12D3KooWHVXoJnv2ifmr9K6LWwJPXxkfvzZRHzjiTZMvybeTnwPy,12D3KooWQHS83N7ykf2pJMBSjsDMtyv5MrEukHdoiCJke2e6GjFf"
ru.wikipedia-on-ipfs.org/wiki/Королевство_Румыния,bafkreigh3zblzojhm66qhhxlcja5zs5ifaklbzgh65jim62n74blsqgipq,4,"12D3KooWJXVWMbcxGh2jkPiw3pjZTmB78jSQja3ke7n6vQ1y2Jdi,12D3KooWCrBiagtZMzpZePCr1tfBbrZTh4BRQf7JurRqNMRi8YHF,12D3KooWRNijznEQoXrxBeNLb2TqbSFm8gG8jKtfEsbC1C9nPqce,12D3KooWHVXoJnv2ifmr9K6LWwJPXxkfvzZRHzjiTZMvybeTnwPy"
ru.wikipedia-on-ipfs.org/wiki/Почерк,bafkreicsx4m7hpxgya2auax2l4elf74udndk4o7dc5ft74uz6sfczgcipm,4,"12D3KooWRNijznEQoXrxBeNLb2TqbSFm8gG8jKtfEsbC1C9nPqce,12D3KooWJXVWMbcxGh2jkPiw3pjZTmB78jSQja3ke7n6vQ1y2Jdi,12D3KooWCrBiagtZMzpZePCr1tfBbrZTh4BRQf7JurRqNMRi8YHF,12D3KooWHVXoJnv2ifmr9K6LWwJPXxkfvzZRHzjiTZMvybeTnwPy"
ru.wikipedia-on-ipfs.org/wiki/Палестра,bafkreiawhgpyx52rhen4stx5dxgzxhlnj7zw4ithvsgtiaakfdoc3v4j4a,4,"12D3KooWRNijznEQoXrxBeNLb2TqbSFm8gG8jKtfEsbC1C9nPqce,12D3KooWJXVWMbcxGh2jkPiw3pjZTmB78jSQja3ke7n6vQ1y2Jdi,12D3KooWCrBiagtZMzpZePCr1tfBbrZTh4BRQf7JurRqNMRi8YHF,12D3KooWHVXoJnv2ifmr9K6LWwJPXxkfvzZRHzjiTZMvybeTnwPy"
ru.wikipedia-on-ipfs.org/wiki/История_Бахрейна,bafkreihdp22dm7dgh55zdcdhsnnhofamqpfbg5xylaaowr7tilww4nm6qi,4,"12D3KooWJXVWMbcxGh2jkPiw3pjZTmB78jSQja3ke7n6vQ1y2Jdi,12D3KooWCrBiagtZMzpZePCr1tfBbrZTh4BRQf7JurRqNMRi8YHF,12D3KooWRNijznEQoXrxBeNLb2TqbSFm8gG8jKtfEsbC1C9nPqce,12D3KooWHVXoJnv2ifmr9K6LWwJPXxkfvzZRHzjiTZMvybeTnwPy"
"ru.wikipedia-on-ipfs.org/wiki/Гальберг,_Самуил_Иванович",bafkreif7dfcmg66ftcsifl2b2swzntke3o2ryvbixpkvzwlfsrhotvd6mm,4,"12D3KooWJXVWMbcxGh2jkPiw3pjZTmB78jSQja3ke7n6vQ1y2Jdi,12D3KooWCrBiagtZMzpZePCr1tfBbrZTh4BRQf7JurRqNMRi8YHF,12D3KooWRNijznEQoXrxBeNLb2TqbSFm8gG8jKtfEsbC1C9nPqce,12D3KooWHVXoJnv2ifmr9K6LWwJPXxkfvzZRHzjiTZMvybeTnwPy"
ru.wikipedia-on-ipfs.org/wiki/Кейси_(антарктическая_станция),bafkreicjywgbgiksc3435go55fwh2j4snib2rmb3qb56ufjgpqdleas5vm,4,"12D3KooWJXVWMbcxGh2jkPiw3pjZTmB78jSQja3ke7n6vQ1y2Jdi,12D3KooWCrBiagtZMzpZePCr1tfBbrZTh4BRQf7JurRqNMRi8YHF,12D3KooWRNijznEQoXrxBeNLb2TqbSFm8gG8jKtfEsbC1C9nPqce,12D3KooWHVXoJnv2ifmr9K6LWwJPXxkfvzZRHzjiTZMvybeTnwPy"
ru.wikipedia-on-ipfs.org/wiki/Ион,bafkreieknupqtvxifpxo3xd5vsufsroifcvjdyelykdko7hmvzshw2iuiu,4,"12D3KooWJXVWMbcxGh2jkPiw3pjZTmB78jSQja3ke7n6vQ1y2Jdi,12D3KooWCrBiagtZMzpZePCr1tfBbrZTh4BRQf7JurRqNMRi8YHF,12D3KooWRNijznEQoXrxBeNLb2TqbSFm8gG8jKtfEsbC1C9nPqce,12D3KooWHVXoJnv2ifmr9K6LWwJPXxkfvzZRHzjiTZMvybeTnwPy"
ru.wikipedia-on-ipfs.org/wiki/Пальмира_(атолл),bafkreibm25vfzaq4j4lsxrtbw5tnprkn56msbdqljraqlh2kr25qi2hrsq,4,"12D3KooWJXVWMbcxGh2jkPiw3pjZTmB78jSQja3ke7n6vQ1y2Jdi,12D3KooWCrBiagtZMzpZePCr1tfBbrZTh4BRQf7JurRqNMRi8YHF,12D3KooWHVXoJnv2ifmr9K6LWwJPXxkfvzZRHzjiTZMvybeTnwPy,12D3KooWRNijznEQoXrxBeNLb2TqbSFm8gG8jKtfEsbC1C9nPqce"
ru.wikipedia-on-ipfs.org/wiki/Фунт_стерлингов,bafkreiapy7lebp24sheouovwgebwnb65hkpxv672zhbuczdres5idahm5a,4,"12D3KooWJXVWMbcxGh2jkPiw3pjZTmB78jSQja3ke7n6vQ1y2Jdi,12D3KooWCrBiagtZMzpZePCr1tfBbrZTh4BRQf7JurRqNMRi8YHF,12D3KooWRNijznEQoXrxBeNLb2TqbSFm8gG8jKtfEsbC1C9nPqce,12D3KooWHVXoJnv2ifmr9K6LWwJPXxkfvzZRHzjiTZMvybeTnwPy"
ru.wikipedia-on-ipfs.org/wiki/Девширме,bafkreihzczqhc6cfy7qdmoezudrlprs76nkqdcxcs76sxsc6iondjbfvzq,4,"12D3KooWJXVWMbcxGh2jkPiw3pjZTmB78jSQja3ke7n6vQ1y2Jdi,12D3KooWCrBiagtZMzpZePCr1tfBbrZTh4BRQf7JurRqNMRi8YHF,12D3KooWRNijznEQoXrxBeNLb2TqbSFm8gG8jKtfEsbC1C9nPqce,12D3KooWHVXoJnv2ifmr9K6LWwJPXxkfvzZRHzjiTZMvybeTnwPy"
ru.wikipedia-on-ipfs.org/wiki/Колонизация,bafkreiae2klnrtfsmsjwzqixnjabhy4n2ygvvm25oewmds4kqol4x5lovm,4,"12D3KooWJXVWMbcxGh2jkPiw3pjZTmB78jSQja3ke7n6vQ1y2Jdi,12D3KooWCrBiagtZMzpZePCr1tfBbrZTh4BRQf7JurRqNMRi8YHF,12D3KooWRNijznEQoXrxBeNLb2TqbSFm8gG8jKtfEsbC1C9nPqce,12D3KooWHVXoJnv2ifmr9K6LWwJPXxkfvzZRHzjiTZMvybeTnwPy"
ru.wikipedia-on-ipfs.org/wiki/Серьги,bafkreigf52mu24mvuhlniguryzzq2qotrjhbs2puxul53tyft2o6i65m7a,4,"12D3KooWJXVWMbcxGh2jkPiw3pjZTmB78jSQja3ke7n6vQ1y2Jdi,12D3KooWHVXoJnv2ifmr9K6LWwJPXxkfvzZRHzjiTZMvybeTnwPy,12D3KooWCrBiagtZMzpZePCr1tfBbrZTh4BRQf7JurRqNMRi8YHF,12D3KooWRNijznEQoXrxBeNLb2TqbSFm8gG8jKtfEsbC1C9nPqce"
ru.wikipedia-on-ipfs.org/wiki/Единственное_число,bafkreicp5blksmaarpvyojofnxwzuwqw4bkdzxszq6jkajgv37kyuhzepa,5,"12D3KooWJXVWMbcxGh2jkPiw3pjZTmB78jSQja3ke7n6vQ1y2Jdi,12D3KooWCrBiagtZMzpZePCr1tfBbrZTh4BRQf7JurRqNMRi8YHF,12D3KooWRNijznEQoXrxBeNLb2TqbSFm8gG8jKtfEsbC1C9nPqce,12D3KooWHVXoJnv2ifmr9K6LWwJPXxkfvzZRHzjiTZMvybeTnwPy,12D3KooWKhPb9tSnCqBswVfC5EPE7iSTXhbF4Ywwz2MKg5UCagbr"
ru.wikipedia-on-ipfs.org/wiki/Кугэ,bafkreifptkpbcxpqoi4y7s6ux72l2rzafnf754iha7yycwnbog4lq37jxy,4,"12D3KooWJXVWMbcxGh2jkPiw3pjZTmB78jSQja3ke7n6vQ1y2Jdi,12D3KooWCrBiagtZMzpZePCr1tfBbrZTh4BRQf7JurRqNMRi8YHF,12D3KooWHVXoJnv2ifmr9K6LWwJPXxkfvzZRHzjiTZMvybeTnwPy,12D3KooWRNijznEQoXrxBeNLb2TqbSFm8gG8jKtfEsbC1C9nPqce"
ru.wikipedia-on-ipfs.org/wiki/Циклы_Бонда,bafkreicnin37mi42razxgn5nahx6cudziy2c7fmix63glscdavolrdvbl4,4,"12D3KooWJXVWMbcxGh2jkPiw3pjZTmB78jSQja3ke7n6vQ1y2Jdi,12D3KooWCrBiagtZMzpZePCr1tfBbrZTh4BRQf7JurRqNMRi8YHF,12D3KooWHVXoJnv2ifmr9K6LWwJPXxkfvzZRHzjiTZMvybeTnwPy,12D3KooWRNijznEQoXrxBeNLb2TqbSFm8gG8jKtfEsbC1C9nPqce"
"ru.wikipedia-on-ipfs.org/wiki/Путешествие_на_Луну_(фильм,_1902)",bafkreibzotjjug2dbaaom3b2tj324g2yupr42a5dnb2w7d2qs6ueq3ex7y,6,"12D3KooWJXVWMbcxGh2jkPiw3pjZTmB78jSQja3ke7n6vQ1y2Jdi,12D3KooWHVXoJnv2ifmr9K6LWwJPXxkfvzZRHzjiTZMvybeTnwPy,12D3KooWCrBiagtZMzpZePCr1tfBbrZTh4BRQf7JurRqNMRi8YHF,12D3KooWRNijznEQoXrxBeNLb2TqbSFm8gG8jKtfEsbC1C9nPqce,12D3KooWQHS83N7ykf2pJMBSjsDMtyv5MrEukHdoiCJke2e6GjFf,12D3KooWDpp7U7W9Q8feMZPPEpPP5FKXTUakLgnVLbavfjb9mzrT"
ru.wikipedia-on-ipfs.org/wiki/Птолемей,bafkreifwah6kf3krnyl4o2qhxxjfrvatw6v7rrdsoa7p55h7bc2gntwo7u,4,"12D3KooWJXVWMbcxGh2jkPiw3pjZTmB78jSQja3ke7n6vQ1y2Jdi,12D3KooWCrBiagtZMzpZePCr1tfBbrZTh4BRQf7JurRqNMRi8YHF,12D3KooWHVXoJnv2ifmr9K6LWwJPXxkfvzZRHzjiTZMvybeTnwPy,12D3KooWRNijznEQoXrxBeNLb2TqbSFm8gG8jKtfEsbC1C9nPqce"
ru.wikipedia-on-ipfs.org/wiki/Аль-Адиль_I_Ахмад_ибн_Айюб,bafkreiakgnhpklqvraegapoq6ggrrhe2ujjdgdy6ek4zwry25qcvx4s46i,4,"12D3KooWJXVWMbcxGh2jkPiw3pjZTmB78jSQja3ke7n6vQ1y2Jdi,12D3KooWCrBiagtZMzpZePCr1tfBbrZTh4BRQf7JurRqNMRi8YHF,12D3KooWRNijznEQoXrxBeNLb2TqbSFm8gG8jKtfEsbC1C9nPqce,12D3KooWHVXoJnv2ifmr9K6LWwJPXxkfvzZRHzjiTZMvybeTnwPy"
ru.wikipedia-on-ipfs.org/wiki/Золотая_маска,bafkreih26r7xpoa5yzb3zf4chmj732jindxcxuof7fi3vvwwkl3qlhfche,4,"12D3KooWJXVWMbcxGh2jkPiw3pjZTmB78jSQja3ke7n6vQ1y2Jdi,12D3KooWCrBiagtZMzpZePCr1tfBbrZTh4BRQf7JurRqNMRi8YHF,12D3KooWHVXoJnv2ifmr9K6LWwJPXxkfvzZRHzjiTZMvybeTnwPy,12D3KooWRNijznEQoXrxBeNLb2TqbSFm8gG8jKtfEsbC1C9nPqce"
ru.wikipedia-on-ipfs.org/wiki/Лакмус,bafkreib45p6nofhm5cgivokzs73h3doy5zobns2byyufujavg2fk7p4ik4,4,"12D3KooWJXVWMbcxGh2jkPiw3pjZTmB78jSQja3ke7n6vQ1y2Jdi,12D3KooWCrBiagtZMzpZePCr1tfBbrZTh4BRQf7JurRqNMRi8YHF,12D3KooWRNijznEQoXrxBeNLb2TqbSFm8gG8jKtfEsbC1C9nPqce,12D3KooWHVXoJnv2ifmr9K6LWwJPXxkfvzZRHzjiTZMvybeTnwPy"
ru.wikipedia-on-ipfs.org/wiki/Культура_Древнего_Египта,bafkreihxmmshrvtshpltlzsvdxnhvcfx72jaywhfjsuxwqcmuxpek7dfxi,4,"12D3KooWJXVWMbcxGh2jkPiw3pjZTmB78jSQja3ke7n6vQ1y2Jdi,12D3KooWCrBiagtZMzpZePCr1tfBbrZTh4BRQf7JurRqNMRi8YHF,12D3KooWRNijznEQoXrxBeNLb2TqbSFm8gG8jKtfEsbC1C9nPqce,12D3KooWHVXoJnv2ifmr9K6LWwJPXxkfvzZRHzjiTZMvybeTnwPy"
ru.wikipedia-on-ipfs.org/wiki/Акт_о_капитуляции_Японии,bafkreidr3njdnhb2mvvmzvdjrvtx6hrb7b252l7frb2agaeoa3sxgnnate,4,"12D3KooWJXVWMbcxGh2jkPiw3pjZTmB78jSQja3ke7n6vQ1y2Jdi,12D3KooWCrBiagtZMzpZePCr1tfBbrZTh4BRQf7JurRqNMRi8YHF,12D3KooWHVXoJnv2ifmr9K6LWwJPXxkfvzZRHzjiTZMvybeTnwPy,12D3KooWRNijznEQoXrxBeNLb2TqbSFm8gG8jKtfEsbC1C9nPqce"
ru.wikipedia-on-ipfs.org/wiki/Вестник_Санкт-Петербургского_университета,bafkreicfk6tlinoqpieniri45kh3wpiosaga4sl7bf7bhk7pz5efscu75a,4,"12D3KooWJXVWMbcxGh2jkPiw3pjZTmB78jSQja3ke7n6vQ1y2Jdi,12D3KooWCrBiagtZMzpZePCr1tfBbrZTh4BRQf7JurRqNMRi8YHF,12D3KooWHVXoJnv2ifmr9K6LWwJPXxkfvzZRHzjiTZMvybeTnwPy,12D3KooWRNijznEQoXrxBeNLb2TqbSFm8gG8jKtfEsbC1C9nPqce"
ru.wikipedia-on-ipfs.org/wiki/Цикл_женских_турниров_ITF,bafkreihmsuweemnv6x4s6wmhbmyl4c43dplqljijik4d6k5drx5navzxpq,4,"12D3KooWJXVWMbcxGh2jkPiw3pjZTmB78jSQja3ke7n6vQ1y2Jdi,12D3KooWCrBiagtZMzpZePCr1tfBbrZTh4BRQf7JurRqNMRi8YHF,12D3KooWRNijznEQoXrxBeNLb2TqbSFm8gG8jKtfEsbC1C9nPqce,12D3KooWHVXoJnv2ifmr9K6LWwJPXxkfvzZRHzjiTZMvybeTnwPy"
ru.wikipedia-on-ipfs.org/wiki/Красноярский_государственный_университет,bafkreih7p44x4wsqjjggnhzujg3tm2kzbqs6wvt3lbhhlt3luhgyjwxuza,4,"12D3KooWJXVWMbcxGh2jkPiw3pjZTmB78jSQja3ke7n6vQ1y2Jdi,12D3KooWCrBiagtZMzpZePCr1tfBbrZTh4BRQf7JurRqNMRi8YHF,12D3KooWHVXoJnv2ifmr9K6LWwJPXxkfvzZRHzjiTZMvybeTnwPy,12D3KooWRNijznEQoXrxBeNLb2TqbSFm8gG8jKtfEsbC1C9nPqce"
ru.wikipedia-on-ipfs.org/wiki/Лонг_снэппер,bafkreibvje3ktxwpmn44blarwksfey43s35ufxsnaairx5juaf2tv626li,5,"12D3KooWCrBiagtZMzpZePCr1tfBbrZTh4BRQf7JurRqNMRi8YHF,12D3KooWRNijznEQoXrxBeNLb2TqbSFm8gG8jKtfEsbC1C9nPqce,12D3KooWHVXoJnv2ifmr9K6LWwJPXxkfvzZRHzjiTZMvybeTnwPy,12D3KooWJXVWMbcxGh2jkPiw3pjZTmB78jSQja3ke7n6vQ1y2Jdi,12D3KooWQHS83N7ykf2pJMBSjsDMtyv5MrEukHdoiCJke2e6GjFf"
ru.wikipedia-on-ipfs.org/wiki/Ханство,bafkreigt6adpqppiwntvv27trwdnpctkfusykczb7bngaho22ujbyys3hm,4,"12D3KooWJXVWMbcxGh2jkPiw3pjZTmB78jSQja3ke7n6vQ1y2Jdi,12D3KooWCrBiagtZMzpZePCr1tfBbrZTh4BRQf7JurRqNMRi8YHF,12D3KooWHVXoJnv2ifmr9K6LWwJPXxkfvzZRHzjiTZMvybeTnwPy,12D3KooWRNijznEQoXrxBeNLb2TqbSFm8gG8jKtfEsbC1C9nPqce"
ru.wikipedia-on-ipfs.org/wiki/Кадриль,bafkreiheciwwyyr7sfnperijz7vnjbbybezp3gmusefc3e3rsi6xphbrfm,4,"12D3KooWJXVWMbcxGh2jkPiw3pjZTmB78jSQja3ke7n6vQ1y2Jdi,12D3KooWCrBiagtZMzpZePCr1tfBbrZTh4BRQf7JurRqNMRi8YHF,12D3KooWHVXoJnv2ifmr9K6LWwJPXxkfvzZRHzjiTZMvybeTnwPy,12D3KooWRNijznEQoXrxBeNLb2TqbSFm8gG8jKtfEsbC1C9nPqce"
ru.wikipedia-on-ipfs.org/wiki/Секс,bafybeicoq5yyzkcmtss6ncmnidmciofwjrd653qlixd4glimx65hta4zeq,4,"12D3KooWJXVWMbcxGh2jkPiw3pjZTmB78jSQja3ke7n6vQ1y2Jdi,12D3KooWHVXoJnv2ifmr9K6LWwJPXxkfvzZRHzjiTZMvybeTnwPy,12D3KooWCrBiagtZMzpZePCr1tfBbrZTh4BRQf7JurRqNMRi8YHF,12D3KooWRNijznEQoXrxBeNLb2TqbSFm8gG8jKtfEsbC1C9nPqce"
ru.wikipedia-on-ipfs.org/wiki/Страховой_рынок_Российской_Федерации,bafkreidc2r7wql7qu5dvjcqnynoftxhrpm5qpnokxplrvz5yqrqfmep4s4,4,"12D3KooWJXVWMbcxGh2jkPiw3pjZTmB78jSQja3ke7n6vQ1y2Jdi,12D3KooWCrBiagtZMzpZePCr1tfBbrZTh4BRQf7JurRqNMRi8YHF,12D3KooWHVXoJnv2ifmr9K6LWwJPXxkfvzZRHzjiTZMvybeTnwPy,12D3KooWRNijznEQoXrxBeNLb2TqbSFm8gG8jKtfEsbC1C9nPqce"
ru.wikipedia-on-ipfs.org/wiki/Геотермическая_энергия,bafkreibzbpfqaxzazanccxg6s3zpqwaue75uvc5gc7jaumiyw33b2x56le,4,"12D3KooWJXVWMbcxGh2jkPiw3pjZTmB78jSQja3ke7n6vQ1y2Jdi,12D3KooWCrBiagtZMzpZePCr1tfBbrZTh4BRQf7JurRqNMRi8YHF,12D3KooWHVXoJnv2ifmr9K6LWwJPXxkfvzZRHzjiTZMvybeTnwPy,12D3KooWRNijznEQoXrxBeNLb2TqbSFm8gG8jKtfEsbC1C9nPqce"
ru.wikipedia-on-ipfs.org/wiki/Средне-Франкское_королевство,bafkreidqqnrer6mwrtaochcmtos3k2by3xx7rlzuk47lxaraqwvuq52zka,4,"12D3KooWJXVWMbcxGh2jkPiw3pjZTmB78jSQja3ke7n6vQ1y2Jdi,12D3KooWHVXoJnv2ifmr9K6LWwJPXxkfvzZRHzjiTZMvybeTnwPy,12D3KooWCrBiagtZMzpZePCr1tfBbrZTh4BRQf7JurRqNMRi8YHF,12D3KooWRNijznEQoXrxBeNLb2TqbSFm8gG8jKtfEsbC1C9nPqce"
ru.wikipedia-on-ipfs.org/wiki/Португальский_язык,bafybeiblu47abkp6hphwb6ehcgqcdqhvltsd6m3qed37yazadsb7zw6apm,4,"12D3KooWJXVWMbcxGh2jkPiw3pjZTmB78jSQja3ke7n6vQ1y2Jdi,12D3KooWHVXoJnv2ifmr9K6LWwJPXxkfvzZRHzjiTZMvybeTnwPy,12D3KooWRNijznEQoXrxBeNLb2TqbSFm8gG8jKtfEsbC1C9nPqce,12D3KooWCrBiagtZMzpZePCr1tfBbrZTh4BRQf7JurRqNMRi8YHF"
ru.wikipedia-on-ipfs.org/wiki/Османская_экспедиция_в_Ачех,bafkreibf4npilnmnz6kagbtckznnw3yrwcmns2ya523bszyc44vy6ov3bq,4,"12D3KooWJXVWMbcxGh2jkPiw3pjZTmB78jSQja3ke7n6vQ1y2Jdi,12D3KooWCrBiagtZMzpZePCr1tfBbrZTh4BRQf7JurRqNMRi8YHF,12D3KooWRNijznEQoXrxBeNLb2TqbSFm8gG8jKtfEsbC1C9nPqce,12D3KooWHVXoJnv2ifmr9K6LWwJPXxkfvzZRHzjiTZMvybeTnwPy"
ru.wikipedia-on-ipfs.org/wiki/Глобализация,bafkreih3zoa725zf5ztjtj7jhnzqsberpdfnf47kuqr62krry6zdmc6fju,3,"12D3KooWCrBiagtZMzpZePCr1tfBbrZTh4BRQf7JurRqNMRi8YHF,12D3KooWRNijznEQoXrxBeNLb2TqbSFm8gG8jKtfEsbC1C9nPqce,12D3KooWHVXoJnv2ifmr9K6LWwJPXxkfvzZRHzjiTZMvybeTnwPy"
ru.wikipedia-on-ipfs.org/wiki/Небесная_сфера,bafkreiedek4jdm7srr6mpm4vvjvqzmn466yafdbb26xviyu3zla65oxqzu,4,"12D3KooWJXVWMbcxGh2jkPiw3pjZTmB78jSQja3ke7n6vQ1y2Jdi,12D3KooWHVXoJnv2ifmr9K6LWwJPXxkfvzZRHzjiTZMvybeTnwPy,12D3KooWCrBiagtZMzpZePCr1tfBbrZTh4BRQf7JurRqNMRi8YHF,12D3KooWRNijznEQoXrxBeNLb2TqbSFm8gG8jKtfEsbC1C9nPqce"
ru.wikipedia-on-ipfs.org/wiki/Чиновничество_в_Российской_империи,bafkreifofkfifgjqrpbfmab4vzr24q3zcbaahm4xqnuqv7xhium2il3rpy,4,"12D3KooWJXVWMbcxGh2jkPiw3pjZTmB78jSQja3ke7n6vQ1y2Jdi,12D3KooWCrBiagtZMzpZePCr1tfBbrZTh4BRQf7JurRqNMRi8YHF,12D3KooWHVXoJnv2ifmr9K6LWwJPXxkfvzZRHzjiTZMvybeTnwPy,12D3KooWRNijznEQoXrxBeNLb2TqbSFm8gG8jKtfEsbC1C9nPqce"
ru.wikipedia-on-ipfs.org/wiki/Морской_транспорт,bafkreigqhbuljkaxrfgf7czzuamd667qtupmurt4anwszq6i5ubauqt5ei,4,"12D3KooWJXVWMbcxGh2jkPiw3pjZTmB78jSQja3ke7n6vQ1y2Jdi,12D3KooWCrBiagtZMzpZePCr1tfBbrZTh4BRQf7JurRqNMRi8YHF,12D3KooWHVXoJnv2ifmr9K6LWwJPXxkfvzZRHzjiTZMvybeTnwPy,12D3KooWRNijznEQoXrxBeNLb2TqbSFm8gG8jKtfEsbC1C9nPqce"
ru.wikipedia-on-ipfs.org/wiki/Польша_на_Паралимпийских_играх,bafkreifhw2grojc6mugftqnrpkq74e2db7espvnkdxsqpfkjcohwowyxla,4,"12D3KooWJXVWMbcxGh2jkPiw3pjZTmB78jSQja3ke7n6vQ1y2Jdi,12D3KooWCrBiagtZMzpZePCr1tfBbrZTh4BRQf7JurRqNMRi8YHF,12D3KooWRNijznEQoXrxBeNLb2TqbSFm8gG8jKtfEsbC1C9nPqce,12D3KooWHVXoJnv2ifmr9K6LWwJPXxkfvzZRHzjiTZMvybeTnwPy"
ru.wikipedia-on-ipfs.org/wiki/Танганьика_(мандат),bafkreiajaxjbsszkzpvglm7yhbctucakeqn7ncjuylygjkea4gpqkwt6qu,4,"12D3KooWJXVWMbcxGh2jkPiw3pjZTmB78jSQja3ke7n6vQ1y2Jdi,12D3KooWCrBiagtZMzpZePCr1tfBbrZTh4BRQf7JurRqNMRi8YHF,12D3KooWHVXoJnv2ifmr9K6LWwJPXxkfvzZRHzjiTZMvybeTnwPy,12D3KooWRNijznEQoXrxBeNLb2TqbSFm8gG8jKtfEsbC1C9nPqce"
ru.wikipedia-on-ipfs.org/wiki/Конный_привод,bafkreidyjjhfa74kutziuv4vxfg2xxwnmyhy2hte3n6mp4qzy2ixmgny6u,6,"12D3KooWJXVWMbcxGh2jkPiw3pjZTmB78jSQja3ke7n6vQ1y2Jdi,12D3KooWHVXoJnv2ifmr9K6LWwJPXxkfvzZRHzjiTZMvybeTnwPy,12D3KooWRNijznEQoXrxBeNLb2TqbSFm8gG8jKtfEsbC1C9nPqce,12D3KooWCrBiagtZMzpZePCr1tfBbrZTh4BRQf7JurRqNMRi8YHF,12D3KooWDpp7U7W9Q8feMZPPEpPP5FKXTUakLgnVLbavfjb9mzrT,12D3KooWQHS83N7ykf2pJMBSjsDMtyv5MrEukHdoiCJke2e6GjFf"
ru.wikipedia-on-ipfs.org/wiki/Неаполитанский_залив,bafkreieqr7mco2iivqdkylvkn44h2dpwm7olhb2jcye67hnsppvbsl25tm,4,"12D3KooWJXVWMbcxGh2jkPiw3pjZTmB78jSQja3ke7n6vQ1y2Jdi,12D3KooWCrBiagtZMzpZePCr1tfBbrZTh4BRQf7JurRqNMRi8YHF,12D3KooWHVXoJnv2ifmr9K6LWwJPXxkfvzZRHzjiTZMvybeTnwPy,12D3KooWRNijznEQoXrxBeNLb2TqbSFm8gG8jKtfEsbC1C9nPqce"
ru.wikipedia-on-ipfs.org/wiki/Четвёртая_космическая_скорость,bafkreieiuh2kfcboulhcips3vrrqbvgjpxbj26yeutrsgfuwlg3rpzoo6y,4,"12D3KooWJXVWMbcxGh2jkPiw3pjZTmB78jSQja3ke7n6vQ1y2Jdi,12D3KooWCrBiagtZMzpZePCr1tfBbrZTh4BRQf7JurRqNMRi8YHF,12D3KooWHVXoJnv2ifmr9K6LWwJPXxkfvzZRHzjiTZMvybeTnwPy,12D3KooWRNijznEQoXrxBeNLb2TqbSFm8gG8jKtfEsbC1C9nPqce"
ru.wikipedia-on-ipfs.org/wiki/Начальное_профессиональное_образование,bafkreicwqovp74pyxadtjev6mlheu2ef7rnx522vmzqxd6u6abavzmxary,4,"12D3KooWJXVWMbcxGh2jkPiw3pjZTmB78jSQja3ke7n6vQ1y2Jdi,12D3KooWCrBiagtZMzpZePCr1tfBbrZTh4BRQf7JurRqNMRi8YHF,12D3KooWHVXoJnv2ifmr9K6LWwJPXxkfvzZRHzjiTZMvybeTnwPy,12D3KooWRNijznEQoXrxBeNLb2TqbSFm8gG8jKtfEsbC1C9nPqce"
ru.wikipedia-on-ipfs.org/wiki/Кустарники,bafkreicwb6i3jopdrtynz4r7324gyjdacy3tlxpv2paado6fhalfebtbi4,4,"12D3KooWJXVWMbcxGh2jkPiw3pjZTmB78jSQja3ke7n6vQ1y2Jdi,12D3KooWHVXoJnv2ifmr9K6LWwJPXxkfvzZRHzjiTZMvybeTnwPy,12D3KooWCrBiagtZMzpZePCr1tfBbrZTh4BRQf7JurRqNMRi8YHF,12D3KooWRNijznEQoXrxBeNLb2TqbSFm8gG8jKtfEsbC1C9nPqce"
ru.wikipedia-on-ipfs.org/wiki/Федеральный_закон_Российской_Федерации,bafkreiezvlor2q3o6mi562j4spikoxnkzul4jbr2rtyrijot5v245p3qty,4,"12D3KooWJXVWMbcxGh2jkPiw3pjZTmB78jSQja3ke7n6vQ1y2Jdi,12D3KooWHVXoJnv2ifmr9K6LWwJPXxkfvzZRHzjiTZMvybeTnwPy,12D3KooWCrBiagtZMzpZePCr1tfBbrZTh4BRQf7JurRqNMRi8YHF,12D3KooWRNijznEQoXrxBeNLb2TqbSFm8gG8jKtfEsbC1C9nPqce"
ru.wikipedia-on-ipfs.org/wiki/ВНИИОкеангеология,bafkreia63owa5pn7ztuy2aifylcjvlnz27kxgafjxalp5ehfvjnmdbdrmm,4,"12D3KooWCrBiagtZMzpZePCr1tfBbrZTh4BRQf7JurRqNMRi8YHF,12D3KooWJXVWMbcxGh2jkPiw3pjZTmB78jSQja3ke7n6vQ1y2Jdi,12D3KooWRNijznEQoXrxBeNLb2TqbSFm8gG8jKtfEsbC1C9nPqce,12D3KooWHVXoJnv2ifmr9K6LWwJPXxkfvzZRHzjiTZMvybeTnwPy"
ru.wikipedia-on-ipfs.org/wiki/Сборная_Нидерландов_по_регби,bafkreib2zw6w2fpao4l2av6d24zam55nppc4havponol3pmzdxmklucczu,4,"12D3KooWJXVWMbcxGh2jkPiw3pjZTmB78jSQja3ke7n6vQ1y2Jdi,12D3KooWHVXoJnv2ifmr9K6LWwJPXxkfvzZRHzjiTZMvybeTnwPy,12D3KooWCrBiagtZMzpZePCr1tfBbrZTh4BRQf7JurRqNMRi8YHF,12D3KooWRNijznEQoXrxBeNLb2TqbSFm8gG8jKtfEsbC1C9nPqce"
ru.wikipedia-on-ipfs.org/wiki/Звук,bafkreidhyg27hco6wtb3xn25jkxhrbou5gwyol75nd33jr7ejk7ezmq7f4,4,"12D3KooWJXVWMbcxGh2jkPiw3pjZTmB78jSQja3ke7n6vQ1y2Jdi,12D3KooWCrBiagtZMzpZePCr1tfBbrZTh4BRQf7JurRqNMRi8YHF,12D3KooWHVXoJnv2ifmr9K6LWwJPXxkfvzZRHzjiTZMvybeTnwPy,12D3KooWRNijznEQoXrxBeNLb2TqbSFm8gG8jKtfEsbC1C9nPqce"
ru.wikipedia-on-ipfs.org/wiki/Договор_об_Антарктике,bafkreif25icgunttjgrkllfv57fa62xnl355fieszi7om2jwavrobbdohe,4,"12D3KooWJXVWMbcxGh2jkPiw3pjZTmB78jSQja3ke7n6vQ1y2Jdi,12D3KooWCrBiagtZMzpZePCr1tfBbrZTh4BRQf7JurRqNMRi8YHF,12D3KooWHVXoJnv2ifmr9K6LWwJPXxkfvzZRHzjiTZMvybeTnwPy,12D3KooWRNijznEQoXrxBeNLb2TqbSFm8gG8jKtfEsbC1C9nPqce"
ru.wikipedia-on-ipfs.org/wiki/История_балета,bafkreifzb7t2vfrs3325tpfrjups7ejcldcpspbqx4nftfu65vbxzi4txa,4,"12D3KooWJXVWMbcxGh2jkPiw3pjZTmB78jSQja3ke7n6vQ1y2Jdi,12D3KooWCrBiagtZMzpZePCr1tfBbrZTh4BRQf7JurRqNMRi8YHF,12D3KooWRNijznEQoXrxBeNLb2TqbSFm8gG8jKtfEsbC1C9nPqce,12D3KooWHVXoJnv2ifmr9K6LWwJPXxkfvzZRHzjiTZMvybeTnwPy"
ru.wikipedia-on-ipfs.org/wiki/Династия_Цин,bafkreig52amg3iw3qvlir4epfmzm7jgyirsoaurfbrua243nxmzemwpkqa,6,"12D3KooWJXVWMbcxGh2jkPiw3pjZTmB78jSQja3ke7n6vQ1y2Jdi,12D3KooWCrBiagtZMzpZePCr1tfBbrZTh4BRQf7JurRqNMRi8YHF,12D3KooWRNijznEQoXrxBeNLb2TqbSFm8gG8jKtfEsbC1C9nPqce,12D3KooWHVXoJnv2ifmr9K6LWwJPXxkfvzZRHzjiTZMvybeTnwPy,12D3KooWQHS83N7ykf2pJMBSjsDMtyv5MrEukHdoiCJke2e6GjFf,12D3KooWDpp7U7W9Q8feMZPPEpPP5FKXTUakLgnVLbavfjb9mzrT"
"ru.wikipedia-on-ipfs.org/wiki/Петровская,_Елена_Владимировна",bafkreiaov5b3zlgoup4awwtdwumbjgljkwf327gportjbvfyg7ct3gmicq,4,"12D3KooWJXVWMbcxGh2jkPiw3pjZTmB78jSQja3ke7n6vQ1y2Jdi,12D3KooWCrBiagtZMzpZePCr1tfBbrZTh4BRQf7JurRqNMRi8YHF,12D3KooWHVXoJnv2ifmr9K6LWwJPXxkfvzZRHzjiTZMvybeTnwPy,12D3KooWRNijznEQoXrxBeNLb2TqbSFm8gG8jKtfEsbC1C9nPqce"
ru.wikipedia-on-ipfs.org/wiki/Успехи_физических_наук_(журнал),bafkreiax4l6fywcb4kyotkp3pqszbfxv632y6cv5wffn42mj4kitmfvz2u,4,"12D3KooWJXVWMbcxGh2jkPiw3pjZTmB78jSQja3ke7n6vQ1y2Jdi,12D3KooWCrBiagtZMzpZePCr1tfBbrZTh4BRQf7JurRqNMRi8YHF,12D3KooWHVXoJnv2ifmr9K6LWwJPXxkfvzZRHzjiTZMvybeTnwPy,12D3KooWRNijznEQoXrxBeNLb2TqbSFm8gG8jKtfEsbC1C9nPqce"
ru.wikipedia-on-ipfs.org/wiki/Навасса_(остров),bafkreifozlqrjjqg6pfyhcq5bo2glpjxuddds6kwnxgxpsaadfvkeu2vqa,4,"12D3KooWJXVWMbcxGh2jkPiw3pjZTmB78jSQja3ke7n6vQ1y2Jdi,12D3KooWCrBiagtZMzpZePCr1tfBbrZTh4BRQf7JurRqNMRi8YHF,12D3KooWRNijznEQoXrxBeNLb2TqbSFm8gG8jKtfEsbC1C9nPqce,12D3KooWHVXoJnv2ifmr9K6LWwJPXxkfvzZRHzjiTZMvybeTnwPy"
ru.wikipedia-on-ipfs.org/wiki/Копенгагенский_университет,bafkreibukomfbkhomvpcddgxgfxxifdy4maujokbseufyfiiijqzzcd6py,4,"12D3KooWJXVWMbcxGh2jkPiw3pjZTmB78jSQja3ke7n6vQ1y2Jdi,12D3KooWHVXoJnv2ifmr9K6LWwJPXxkfvzZRHzjiTZMvybeTnwPy,12D3KooWCrBiagtZMzpZePCr1tfBbrZTh4BRQf7JurRqNMRi8YHF,12D3KooWRNijznEQoXrxBeNLb2TqbSFm8gG8jKtfEsbC1C9nPqce"
ru.wikipedia-on-ipfs.org/wiki/Новый_органон,bafkreie2gnkfmtonxirvptlkhajdjjm6oiu4pnf7hxxqj5imwi7l4kjecm,4,"12D3KooWJXVWMbcxGh2jkPiw3pjZTmB78jSQja3ke7n6vQ1y2Jdi,12D3KooWCrBiagtZMzpZePCr1tfBbrZTh4BRQf7JurRqNMRi8YHF,12D3KooWHVXoJnv2ifmr9K6LWwJPXxkfvzZRHzjiTZMvybeTnwPy,12D3KooWRNijznEQoXrxBeNLb2TqbSFm8gG8jKtfEsbC1C9nPqce"
ru.wikipedia-on-ipfs.org/wiki/Мэн_(провинция),bafkreidaefvi6p5wd5rrpo7percypzldxnmor3a7xvcd4xe7xcgg2byg4e,4,"12D3KooWJXVWMbcxGh2jkPiw3pjZTmB78jSQja3ke7n6vQ1y2Jdi,12D3KooWHVXoJnv2ifmr9K6LWwJPXxkfvzZRHzjiTZMvybeTnwPy,12D3KooWCrBiagtZMzpZePCr1tfBbrZTh4BRQf7JurRqNMRi8YHF,12D3KooWRNijznEQoXrxBeNLb2TqbSFm8gG8jKtfEsbC1C9nPqce"
ru.wikipedia-on-ipfs.org/wiki/Теория_управления,bafkreibpi4upqwd3dqdejitheunrhwgqbsmepyxvfx2233prhnbxu7cpzi,4,"12D3KooWJXVWMbcxGh2jkPiw3pjZTmB78jSQja3ke7n6vQ1y2Jdi,12D3KooWHVXoJnv2ifmr9K6LWwJPXxkfvzZRHzjiTZMvybeTnwPy,12D3KooWCrBiagtZMzpZePCr1tfBbrZTh4BRQf7JurRqNMRi8YHF,12D3KooWRNijznEQoXrxBeNLb2TqbSFm8gG8jKtfEsbC1C9nPqce"
ru.wikipedia-on-ipfs.org/wiki/Институт_востоковедения_РАН,bafkreiaf3xdvxzqbgidl7bdt7lbwzchjnfgd2mxxnopwwxe6nzy2l5oyci,4,"12D3KooWJXVWMbcxGh2jkPiw3pjZTmB78jSQja3ke7n6vQ1y2Jdi,12D3KooWCrBiagtZMzpZePCr1tfBbrZTh4BRQf7JurRqNMRi8YHF,12D3KooWRNijznEQoXrxBeNLb2TqbSFm8gG8jKtfEsbC1C9nPqce,12D3KooWHVXoJnv2ifmr9K6LWwJPXxkfvzZRHzjiTZMvybeTnwPy"
ru.wikipedia-on-ipfs.org/wiki/Свиток,bafkreigsk34ebdfhwnid5fkhrqdagd4xcbbpz6zppvdxfexpdabck3jlly,4,"12D3KooWJXVWMbcxGh2jkPiw3pjZTmB78jSQja3ke7n6vQ1y2Jdi,12D3KooWCrBiagtZMzpZePCr1tfBbrZTh4BRQf7JurRqNMRi8YHF,12D3KooWHVXoJnv2ifmr9K6LWwJPXxkfvzZRHzjiTZMvybeTnwPy,12D3KooWRNijznEQoXrxBeNLb2TqbSFm8gG8jKtfEsbC1C9nPqce"
ru.wikipedia-on-ipfs.org/wiki/Комсомол,bafkreibbzo656jmhvnsqkklin4hkymjcm4fwsucvh7jsb7gmrgo4co7nei,4,"12D3KooWJXVWMbcxGh2jkPiw3pjZTmB78jSQja3ke7n6vQ1y2Jdi,12D3KooWCrBiagtZMzpZePCr1tfBbrZTh4BRQf7JurRqNMRi8YHF,12D3KooWRNijznEQoXrxBeNLb2TqbSFm8gG8jKtfEsbC1C9nPqce,12D3KooWHVXoJnv2ifmr9K6LWwJPXxkfvzZRHzjiTZMvybeTnwPy"
ru.wikipedia-on-ipfs.org/wiki/Жизнь_вечная,bafkreiad6sr3xb7k5dl76xrujevb3n4i34f4mzwpzboq2dn2qkij4d6qlq,4,"12D3KooWJXVWMbcxGh2jkPiw3pjZTmB78jSQja3ke7n6vQ1y2Jdi,12D3KooWCrBiagtZMzpZePCr1tfBbrZTh4BRQf7JurRqNMRi8YHF,12D3KooWRNijznEQoXrxBeNLb2TqbSFm8gG8jKtfEsbC1C9nPqce,12D3KooWHVXoJnv2ifmr9K6LWwJPXxkfvzZRHzjiTZMvybeTnwPy"
ru.wikipedia-on-ipfs.org/wiki/Центральноафриканская_Республика_на_Олимпийских_играх,bafkreigyeeebzjle64fz74oitr7hdgqrqrdfrk4a647nio5jrmfq77fiou,3,"12D3KooWHVXoJnv2ifmr9K6LWwJPXxkfvzZRHzjiTZMvybeTnwPy,12D3KooWCrBiagtZMzpZePCr1tfBbrZTh4BRQf7JurRqNMRi8YHF,12D3KooWRNijznEQoXrxBeNLb2TqbSFm8gG8jKtfEsbC1C9nPqce"
ru.wikipedia-on-ipfs.org/wiki/Мобильные_генетические_элементы,bafkreicpi6ehg6y3kudygqp27bq7wcbwp5tfz4ubhieori6mhu3renmn74,4,"12D3KooWJXVWMbcxGh2jkPiw3pjZTmB78jSQja3ke7n6vQ1y2Jdi,12D3KooWHVXoJnv2ifmr9K6LWwJPXxkfvzZRHzjiTZMvybeTnwPy,12D3KooWCrBiagtZMzpZePCr1tfBbrZTh4BRQf7JurRqNMRi8YHF,12D3KooWRNijznEQoXrxBeNLb2TqbSFm8gG8jKtfEsbC1C9nPqce"
ru.wikipedia-on-ipfs.org/wiki/Преступность_в_Древнем_Риме,bafkreialdegfl23tqlxfamqdj4hg7camz74tcmpcpvkfekkb47tdypt7rq,4,"12D3KooWJXVWMbcxGh2jkPiw3pjZTmB78jSQja3ke7n6vQ1y2Jdi,12D3KooWCrBiagtZMzpZePCr1tfBbrZTh4BRQf7JurRqNMRi8YHF,12D3KooWHVXoJnv2ifmr9K6LWwJPXxkfvzZRHzjiTZMvybeTnwPy,12D3KooWRNijznEQoXrxBeNLb2TqbSFm8gG8jKtfEsbC1C9nPqce"
ru.wikipedia-on-ipfs.org/wiki/Елизаветинская_драма,bafkreib6fhjtcebxtme5ezuz5qcse3t7frh3yaoc7x65iu5imahdenu56i,4,"12D3KooWJXVWMbcxGh2jkPiw3pjZTmB78jSQja3ke7n6vQ1y2Jdi,12D3KooWHVXoJnv2ifmr9K6LWwJPXxkfvzZRHzjiTZMvybeTnwPy,12D3KooWCrBiagtZMzpZePCr1tfBbrZTh4BRQf7JurRqNMRi8YHF,12D3KooWRNijznEQoXrxBeNLb2TqbSFm8gG8jKtfEsbC1C9nPqce"
ru.wikipedia-on-ipfs.org/wiki/Гуанчжоу,bafkreiaheq2mwp7uofbe2bd3pzvaqvfquouk52n73yprbiyyu6wvosnwey,4,"12D3KooWJXVWMbcxGh2jkPiw3pjZTmB78jSQja3ke7n6vQ1y2Jdi,12D3KooWHVXoJnv2ifmr9K6LWwJPXxkfvzZRHzjiTZMvybeTnwPy,12D3KooWCrBiagtZMzpZePCr1tfBbrZTh4BRQf7JurRqNMRi8YHF,12D3KooWRNijznEQoXrxBeNLb2TqbSFm8gG8jKtfEsbC1C9nPqce"
ru.wikipedia-on-ipfs.org/wiki/Война_на_море,bafkreihow3pfoq5jcsustukhjus3il2lz6fnouyqfisnlbzjgulhm64yru,5,"12D3KooWQHS83N7ykf2pJMBSjsDMtyv5MrEukHdoiCJke2e6GjFf,12D3KooWJXVWMbcxGh2jkPiw3pjZTmB78jSQja3ke7n6vQ1y2Jdi,12D3KooWCrBiagtZMzpZePCr1tfBbrZTh4BRQf7JurRqNMRi8YHF,12D3KooWHVXoJnv2ifmr9K6LWwJPXxkfvzZRHzjiTZMvybeTnwPy,12D3KooWRNijznEQoXrxBeNLb2TqbSFm8gG8jKtfEsbC1C9nPqce"
"ru.wikipedia-on-ipfs.org/wiki/Терешкова,_Валентина_Владимировна",bafybeifx7uozuophjugnkgfwj544w2jzma6o7xwybaxd4zmoiw6y4bxjwi,4,"12D3KooWJXVWMbcxGh2jkPiw3pjZTmB78jSQja3ke7n6vQ1y2Jdi,12D3KooWHVXoJnv2ifmr9K6LWwJPXxkfvzZRHzjiTZMvybeTnwPy,12D3KooWRNijznEQoXrxBeNLb2TqbSFm8gG8jKtfEsbC1C9nPqce,12D3KooWCrBiagtZMzpZePCr1tfBbrZTh4BRQf7JurRqNMRi8YHF"
